game_id,date,season,team_name,is_home,won,goals_for,goals_against,spread,over_under,favorite_moneyline
401802844,2025-12-13 01:00:00+00:00,2026,St. Louis Blues,1,1,3.0,2.0,1.5,5.5,-115.0
401802844,2025-12-13 01:00:00+00:00,2026,Chicago Blackhawks,0,0,2.0,3.0,1.5,5.5,-115.0
401802845,2025-12-13 02:00:00+00:00,2026,Utah Mammoth,1,1,5.0,3.0,-1.5,5.5,-192.0
401802845,2025-12-13 02:00:00+00:00,2026,Seattle Kraken,0,0,3.0,5.0,-1.5,5.5,-192.0
401802846,2025-12-13 17:30:00+00:00,2026,New Jersey Devils,1,1,4.0,1.0,-1.5,6.5,-110.0
401802846,2025-12-13 17:30:00+00:00,2026,Anaheim Ducks,0,0,1.0,4.0,-1.5,6.5,-110.0
401802847,2025-12-13 19:00:00+00:00,2026,Minnesota Wild,1,1,3.0,2.0,-1.5,5.5,-120.0
401802847,2025-12-13 19:00:00+00:00,2026,Ottawa Senators,0,0,2.0,3.0,-1.5,5.5,-120.0
401802848,2025-12-13 20:00:00+00:00,2026,Pittsburgh Penguins,1,0,5.0,6.0,-1.5,6.5,-180.0
401802848,2025-12-13 20:00:00+00:00,2026,San Jose Sharks,0,1,6.0,5.0,-1.5,6.5,-180.0
401802849,2025-12-13 20:30:00+00:00,2026,New York Islanders,1,1,3.0,2.0,1.5,5.5,-130.0
401802849,2025-12-13 20:30:00+00:00,2026,Tampa Bay Lightning,0,0,2.0,3.0,1.5,5.5,-130.0
401802850,2025-12-14 00:00:00+00:00,2026,Toronto Maple Leafs,1,0,3.0,6.0,1.5,6.5,-130.0
401802850,2025-12-14 00:00:00+00:00,2026,Edmonton Oilers,0,1,6.0,3.0,1.5,6.5,-130.0
401802851,2025-12-14 00:00:00+00:00,2026,New York Rangers,1,1,5.0,4.0,-1.5,5.5,-135.0
401802851,2025-12-14 00:00:00+00:00,2026,Montreal Canadiens,0,0,4.0,5.0,-1.5,5.5,-135.0
401802852,2025-12-14 00:00:00+00:00,2026,Philadelphia Flyers,1,0,3.0,4.0,1.5,5.5,-180.0
401802852,2025-12-14 00:00:00+00:00,2026,Carolina Hurricanes,0,1,4.0,3.0,1.5,5.5,-180.0
401802853,2025-12-14 00:00:00+00:00,2026,Columbus Blue Jackets,1,0,2.0,3.0,1.5,6.5,-142.0
401802853,2025-12-14 00:00:00+00:00,2026,Vegas Golden Knights,0,1,3.0,2.0,1.5,6.5,-142.0
401802854,2025-12-14 00:00:00+00:00,2026,Winnipeg Jets,1,1,5.0,1.0,1.5,5.5,-120.0
401802854,2025-12-14 00:00:00+00:00,2026,Washington Capitals,0,0,1.0,5.0,1.5,5.5,-120.0
401802855,2025-12-14 01:00:00+00:00,2026,Chicago Blackhawks,1,0,0.0,4.0,1.5,6.5,-192.0
401802855,2025-12-14 01:00:00+00:00,2026,Detroit Red Wings,0,1,4.0,0.0,1.5,6.5,-192.0
401802856,2025-12-14 01:00:00+00:00,2026,Dallas Stars,1,0,0.0,4.0,-1.5,5.5,-142.0
401802856,2025-12-14 01:00:00+00:00,2026,Florida Panthers,0,1,4.0,0.0,-1.5,5.5,-142.0
401802857,2025-12-14 02:00:00+00:00,2026,Colorado Avalanche,1,1,4.0,2.0,-1.5,6.5,-375.0
401802857,2025-12-14 02:00:00+00:00,2026,Nashville Predators,0,0,2.0,4.0,-1.5,6.5,-375.0
401802858,2025-12-14 03:00:00+00:00,2026,Los Angeles Kings,1,0,1.0,2.0,-1.5,5.5,-175.0
401802858,2025-12-14 03:00:00+00:00,2026,Calgary Flames,0,1,2.0,1.0,-1.5,5.5,-175.0
401802859,2025-12-14 17:30:00+00:00,2026,New Jersey Devils,1,0,1.0,2.0,-1.5,5.5,-125.0
401802859,2025-12-14 17:30:00+00:00,2026,Vancouver Canucks,0,1,2.0,1.0,-1.5,5.5,-125.0
401802860,2025-12-14 20:00:00+00:00,2026,Pittsburgh Penguins,1,0,4.0,5.0,1.5,6.5,-130.0
401802860,2025-12-14 20:00:00+00:00,2026,Utah Mammoth,0,1,5.0,4.0,1.5,6.5,-130.0
401802861,2025-12-14 22:00:00+00:00,2026,Carolina Hurricanes,1,1,3.0,2.0,-1.5,5.5,-250.0
401802861,2025-12-14 22:00:00+00:00,2026,Philadelphia Flyers,0,0,2.0,3.0,-1.5,5.5,-250.0
401802862,2025-12-14 23:00:00+00:00,2026,Minnesota Wild,1,1,6.0,2.0,-1.5,5.5,-130.0
401802862,2025-12-14 23:00:00+00:00,2026,Boston Bruins,0,0,2.0,6.0,-1.5,5.5,-130.0
401802863,2025-12-15 00:00:00+00:00,2026,Montreal Canadiens,1,1,4.0,1.0,1.5,6.5,-135.0
401802863,2025-12-15 00:00:00+00:00,2026,Edmonton Oilers,0,0,1.0,4.0,1.5,6.5,-135.0
401802864,2025-12-15 01:00:00+00:00,2026,Seattle Kraken,1,0,1.0,3.0,1.5,5.5,-130.0
401802864,2025-12-15 01:00:00+00:00,2026,Buffalo Sabres,0,1,3.0,1.0,1.5,5.5,-130.0
401802865,2025-12-16 00:00:00+00:00,2026,Tampa Bay Lightning,1,0,2.0,5.0,-1.5,5.5,-120.0
401802865,2025-12-16 00:00:00+00:00,2026,Florida Panthers,0,1,5.0,2.0,-1.5,5.5,-120.0
401802866,2025-12-16 00:00:00+00:00,2026,New York Rangers,1,0,1.0,4.0,-1.5,6.5,-112.0
401802866,2025-12-16 00:00:00+00:00,2026,Anaheim Ducks,0,1,4.0,1.0,-1.5,6.5,-112.0
401802867,2025-12-16 00:30:00+00:00,2026,Winnipeg Jets,1,0,2.0,3.0,-1.5,5.5,-130.0
401802867,2025-12-16 00:30:00+00:00,2026,Ottawa Senators,0,1,3.0,2.0,-1.5,5.5,-130.0
401802868,2025-12-16 01:00:00+00:00,2026,St. Louis Blues,1,0,2.0,5.0,-1.5,5.5,-110.0
401802868,2025-12-16 01:00:00+00:00,2026,Nashville Predators,0,1,5.0,2.0,-1.5,5.5,-110.0
401802869,2025-12-16 01:00:00+00:00,2026,Dallas Stars,1,1,4.0,1.0,-1.5,5.5,-135.0
401802869,2025-12-16 01:00:00+00:00,2026,Los Angeles Kings,0,0,1.0,4.0,-1.5,5.5,-135.0
401802870,2025-12-17 00:00:00+00:00,2026,Boston Bruins,1,1,4.0,1.0,-1.5,5.5,-112.0
401802870,2025-12-17 00:00:00+00:00,2026,Utah Mammoth,0,0,1.0,4.0,-1.5,5.5,-112.0
401802871,2025-12-17 00:00:00+00:00,2026,Toronto Maple Leafs,1,1,3.0,2.0,-1.5,5.5,-205.0
401802871,2025-12-17 00:00:00+00:00,2026,Chicago Blackhawks,0,0,2.0,3.0,-1.5,5.5,-205.0
401802872,2025-12-17 00:00:00+00:00,2026,Montreal Canadiens,1,0,1.0,4.0,-1.5,5.5,-120.0
401802872,2025-12-17 00:00:00+00:00,2026,Philadelphia Flyers,0,1,4.0,1.0,-1.5,5.5,-120.0
401802873,2025-12-17 00:00:00+00:00,2026,Detroit Red Wings,1,1,3.0,2.0,-1.5,5.5,-125.0
401802873,2025-12-17 00:00:00+00:00,2026,New York Islanders,0,0,2.0,3.0,-1.5,5.5,-125.0
401802874,2025-12-17 00:00:00+00:00,2026,New York Rangers,1,0,0.0,3.0,-1.5,5.5,-122.0
401802874,2025-12-17 00:00:00+00:00,2026,Vancouver Canucks,0,1,3.0,0.0,-1.5,5.5,-122.0
401802876,2025-12-17 00:00:00+00:00,2026,Columbus Blue Jackets,1,1,4.0,3.0,-1.5,6.5,-142.0
401802876,2025-12-17 00:00:00+00:00,2026,Anaheim Ducks,0,0,3.0,4.0,-1.5,6.5,-142.0
401802875,2025-12-17 00:30:00+00:00,2026,Pittsburgh Penguins,1,0,4.0,6.0,1.5,6.5,-142.0
401802875,2025-12-17 00:30:00+00:00,2026,Edmonton Oilers,0,1,6.0,4.0,1.5,6.5,-142.0
401802877,2025-12-17 01:00:00+00:00,2026,Minnesota Wild,1,1,5.0,0.0,-1.5,5.5,-115.0
401802877,2025-12-17 01:00:00+00:00,2026,Washington Capitals,0,0,0.0,5.0,-1.5,5.5,-115.0
401802878,2025-12-17 03:00:00+00:00,2026,San Jose Sharks,1,1,6.0,3.0,1.5,5.5,-155.0
401802878,2025-12-17 03:00:00+00:00,2026,Calgary Flames,0,0,3.0,6.0,1.5,5.5,-155.0
401802879,2025-12-17 03:00:00+00:00,2026,Seattle Kraken,1,0,3.0,5.0,1.5,5.5,-325.0
401802879,2025-12-17 03:00:00+00:00,2026,Colorado Avalanche,0,1,5.0,3.0,1.5,5.5,-325.0
401802880,2025-12-18 00:00:00+00:00,2026,Florida Panthers,1,1,3.0,2.0,-1.5,5.5,-148.0
401802880,2025-12-18 00:00:00+00:00,2026,Los Angeles Kings,0,0,2.0,3.0,-1.5,5.5,-148.0
401802881,2025-12-18 00:30:00+00:00,2026,Detroit Red Wings,1,0,1.0,4.0,-1.5,5.5,-120.0
401802881,2025-12-18 00:30:00+00:00,2026,Utah Mammoth,0,1,4.0,1.0,-1.5,5.5,-120.0
401802882,2025-12-18 01:00:00+00:00,2026,St. Louis Blues,1,1,1.0,0.0,1.5,5.5,-155.0
401802882,2025-12-18 01:00:00+00:00,2026,Winnipeg Jets,0,0,0.0,1.0,1.5,5.5,-155.0
401802883,2025-12-18 01:00:00+00:00,2026,Nashville Predators,1,0,1.0,4.0,1.5,5.5,-180.0
401802883,2025-12-18 01:00:00+00:00,2026,Carolina Hurricanes,0,1,4.0,1.0,1.5,5.5,-180.0
401802884,2025-12-18 03:00:00+00:00,2026,Vegas Golden Knights,1,0,1.0,2.0,-1.5,5.5,-166.0
401802884,2025-12-18 03:00:00+00:00,2026,New Jersey Devils,0,1,2.0,1.0,-1.5,5.5,-166.0
401802885,2025-12-19 00:00:00+00:00,2026,Boston Bruins,1,0,1.0,3.0,1.5,6.5,-135.0
401802885,2025-12-19 00:00:00+00:00,2026,Edmonton Oilers,0,1,3.0,1.0,1.5,6.5,-135.0
401802887,2025-12-19 00:00:00+00:00,2026,Montreal Canadiens,1,1,4.0,1.0,-1.5,5.5,-175.0
401802887,2025-12-19 00:00:00+00:00,2026,Chicago Blackhawks,0,0,1.0,4.0,-1.5,5.5,-175.0
401802888,2025-12-19 00:00:00+00:00,2026,Ottawa Senators,1,1,4.0,0.0,-1.5,6.5,-170.0
401802888,2025-12-19 00:00:00+00:00,2026,Pittsburgh Penguins,0,0,0.0,4.0,-1.5,6.5,-170.0
401802889,2025-12-19 00:00:00+00:00,2026,Tampa Bay Lightning,1,0,1.0,2.0,-1.5,5.5,-230.0
401802889,2025-12-19 00:00:00+00:00,2026,Los Angeles Kings,0,1,2.0,1.0,-1.5,5.5,-230.0
401802890,2025-12-19 00:00:00+00:00,2026,Washington Capitals,1,1,4.0,0.0,-1.5,5.5,-155.0
401802890,2025-12-19 00:00:00+00:00,2026,Toronto Maple Leafs,0,0,0.0,4.0,-1.5,5.5,-155.0
401802891,2025-12-19 00:00:00+00:00,2026,Columbus Blue Jackets,1,0,2.0,5.0,1.5,6.5,-112.0
401802891,2025-12-19 00:00:00+00:00,2026,Minnesota Wild,0,1,5.0,2.0,1.5,6.5,-112.0
401802886,2025-12-19 00:30:00+00:00,2026,Buffalo Sabres,1,1,5.0,3.0,-1.5,5.5,-155.0
401802886,2025-12-19 00:30:00+00:00,2026,Philadelphia Flyers,0,0,3.0,5.0,-1.5,5.5,-155.0
401802892,2025-12-19 01:00:00+00:00,2026,St. Louis Blues,1,0,1.0,2.0,1.5,5.5,-142.0
401802892,2025-12-19 01:00:00+00:00,2026,New York Rangers,0,1,2.0,1.0,1.5,5.5,-142.0
401802893,2025-12-19 02:00:00+00:00,2026,Calgary Flames,1,1,4.0,2.0,-1.5,5.5,-175.0
401802893,2025-12-19 02:00:00+00:00,2026,Seattle Kraken,0,0,2.0,4.0,-1.5,5.5,-175.0
401802894,2025-12-19 03:00:00+00:00,2026,San Jose Sharks,1,0,3.0,5.0,1.5,5.5,-198.0
401802894,2025-12-19 03:00:00+00:00,2026,Dallas Stars,0,1,5.0,3.0,1.5,5.5,-198.0
401802895,2025-12-20 00:00:00+00:00,2026,Florida Panthers,1,1,4.0,3.0,1.5,5.5,-135.0
401802895,2025-12-20 00:00:00+00:00,2026,Carolina Hurricanes,0,0,3.0,4.0,1.5,5.5,-135.0
401802896,2025-12-20 00:00:00+00:00,2026,New York Islanders,1,0,1.0,4.0,-1.5,5.5,-142.0
401802896,2025-12-20 00:00:00+00:00,2026,Vancouver Canucks,0,1,4.0,1.0,-1.5,5.5,-142.0
401802897,2025-12-20 02:00:00+00:00,2026,Colorado Avalanche,1,1,3.0,2.0,-1.5,6.5,-218.0
401802897,2025-12-20 02:00:00+00:00,2026,Winnipeg Jets,0,0,2.0,3.0,-1.5,6.5,-218.0
401802898,2025-12-20 02:00:00+00:00,2026,Utah Mammoth,1,0,1.0,2.0,-1.5,5.5,-142.0
401802898,2025-12-20 02:00:00+00:00,2026,New Jersey Devils,0,1,2.0,1.0,-1.5,5.5,-142.0
401802899,2025-12-20 03:00:00+00:00,2026,Anaheim Ducks,1,0,3.0,8.0,1.5,6.5,-108.0
401802899,2025-12-20 03:00:00+00:00,2026,Dallas Stars,0,1,8.0,3.0,1.5,6.5,-108.0
401802900,2025-12-20 17:30:00+00:00,2026,New York Rangers,1,1,5.0,4.0,-1.5,5.5,-155.0
401802900,2025-12-20 17:30:00+00:00,2026,Philadelphia Flyers,0,0,4.0,5.0,-1.5,5.5,-155.0
401802901,2025-12-20 17:30:00+00:00,2026,Washington Capitals,1,0,2.0,5.0,-1.5,5.5,-162.0
401802901,2025-12-20 17:30:00+00:00,2026,Detroit Red Wings,0,1,5.0,2.0,-1.5,5.5,-162.0
401802902,2025-12-20 20:00:00+00:00,2026,Ottawa Senators,1,1,6.0,4.0,-1.5,5.5,-278.0
401802902,2025-12-20 20:00:00+00:00,2026,Chicago Blackhawks,0,0,4.0,6.0,-1.5,5.5,-278.0
401802903,2025-12-20 20:00:00+00:00,2026,Minnesota Wild,1,1,5.0,2.0,-1.5,6.5,-135.0
401802903,2025-12-20 20:00:00+00:00,2026,Edmonton Oilers,0,0,2.0,5.0,-1.5,6.5,-135.0
401802904,2025-12-20 22:00:00+00:00,2026,Buffalo Sabres,1,1,3.0,2.0,-1.5,6.5,-170.0
401802904,2025-12-20 22:00:00+00:00,2026,New York Islanders,0,0,2.0,3.0,-1.5,6.5,-170.0
401802905,2025-12-20 23:00:00+00:00,2026,Florida Panthers,1,0,2.0,6.0,-1.5,5.5,-180.0
401802905,2025-12-20 23:00:00+00:00,2026,St. Louis Blues,0,1,6.0,2.0,-1.5,5.5,-180.0
401802906,2025-12-21 00:00:00+00:00,2026,Boston Bruins,1,0,4.0,5.0,-1.5,5.5,-185.0
401802906,2025-12-21 00:00:00+00:00,2026,Vancouver Canucks,0,1,5.0,4.0,-1.5,5.5,-185.0
401802907,2025-12-21 00:00:00+00:00,2026,Montreal Canadiens,1,1,4.0,0.0,-1.5,6.5,-130.0
401802907,2025-12-21 00:00:00+00:00,2026,Pittsburgh Penguins,0,0,0.0,4.0,-1.5,6.5,-130.0
401802908,2025-12-21 00:00:00+00:00,2026,Tampa Bay Lightning,1,1,6.0,4.0,-1.5,5.5,-135.0
401802908,2025-12-21 00:00:00+00:00,2026,Carolina Hurricanes,0,0,4.0,6.0,-1.5,5.5,-135.0
401802909,2025-12-21 00:00:00+00:00,2026,Nashville Predators,1,1,5.0,3.0,1.5,5.5,-110.0
401802909,2025-12-21 00:00:00+00:00,2026,Toronto Maple Leafs,0,0,3.0,5.0,1.5,5.5,-110.0
401802910,2025-12-21 03:00:00+00:00,2026,Calgary Flames,1,1,6.0,3.0,1.5,5.5,-130.0
401802910,2025-12-21 03:00:00+00:00,2026,Vegas Golden Knights,0,0,3.0,6.0,1.5,5.5,-130.0
401802911,2025-12-21 03:00:00+00:00,2026,Anaheim Ducks,1,1,4.0,3.0,-1.5,6.5,-122.0
401802911,2025-12-21 03:00:00+00:00,2026,Columbus Blue Jackets,0,0,3.0,4.0,-1.5,6.5,-122.0
401802912,2025-12-21 03:00:00+00:00,2026,San Jose Sharks,1,0,2.0,4.0,-1.5,6.5,-130.0
401802912,2025-12-21 03:00:00+00:00,2026,Seattle Kraken,0,1,4.0,2.0,-1.5,6.5,-130.0
401802913,2025-12-21 18:00:00+00:00,2026,Detroit Red Wings,1,1,3.0,2.0,-1.5,5.5,-115.0
401802913,2025-12-21 18:00:00+00:00,2026,Washington Capitals,0,0,2.0,3.0,-1.5,5.5,-115.0
401802914,2025-12-21 23:00:00+00:00,2026,Minnesota Wild,1,0,1.0,5.0,1.5,6.5,-170.0
401802914,2025-12-21 23:00:00+00:00,2026,Colorado Avalanche,0,1,5.0,1.0,1.5,6.5,-170.0
401802915,2025-12-22 00:00:00+00:00,2026,Boston Bruins,1,0,2.0,6.0,1.5,5.5,-148.0
401802915,2025-12-22 00:00:00+00:00,2026,Ottawa Senators,0,1,6.0,2.0,1.5,5.5,-148.0
401802916,2025-12-22 00:00:00+00:00,2026,New Jersey Devils,1,0,1.0,3.0,-1.5,6.5,-180.0
401802916,2025-12-22 00:00:00+00:00,2026,Buffalo Sabres,0,1,3.0,1.0,-1.5,6.5,-180.0
401802917,2025-12-22 00:00:00+00:00,2026,Pittsburgh Penguins,1,1,4.0,3.0,-1.5,6.5,-115.0
401802917,2025-12-22 00:00:00+00:00,2026,Montreal Canadiens,0,0,3.0,4.0,-1.5,6.5,-115.0
401802918,2025-12-22 00:00:00+00:00,2026,Nashville Predators,1,1,2.0,1.0,-1.5,5.5,-112.0
401802918,2025-12-22 00:00:00+00:00,2026,New York Rangers,0,0,1.0,2.0,-1.5,5.5,-112.0
401802919,2025-12-22 00:00:00+00:00,2026,Dallas Stars,1,1,5.0,1.0,-1.5,6.5,-218.0
401802919,2025-12-22 00:00:00+00:00,2026,Toronto Maple Leafs,0,0,1.0,5.0,-1.5,6.5,-218.0
401802920,2025-12-22 00:00:00+00:00,2026,Utah Mammoth,1,1,4.0,3.0,-1.5,5.5,-122.0
401802920,2025-12-22 00:00:00+00:00,2026,Winnipeg Jets,0,0,3.0,4.0,-1.5,5.5,-122.0
401802921,2025-12-22 01:00:00+00:00,2026,Edmonton Oilers,1,1,4.0,3.0,-1.5,6.5,-125.0
401802921,2025-12-22 01:00:00+00:00,2026,Vegas Golden Knights,0,0,3.0,4.0,-1.5,6.5,-125.0
401802922,2025-12-23 00:00:00+00:00,2026,Tampa Bay Lightning,1,1,4.0,1.0,-1.5,5.5,-250.0
401802922,2025-12-23 00:00:00+00:00,2026,St. Louis Blues,0,0,1.0,4.0,-1.5,5.5,-250.0
401802923,2025-12-23 00:30:00+00:00,2026,Philadelphia Flyers,1,1,5.0,2.0,-1.5,5.5,-148.0
401802923,2025-12-23 00:30:00+00:00,2026,Vancouver Canucks,0,0,2.0,5.0,-1.5,5.5,-148.0
401802924,2025-12-23 03:00:00+00:00,2026,Anaheim Ducks,1,0,1.0,3.0,-1.5,6.5,-185.0
401802924,2025-12-23 03:00:00+00:00,2026,Seattle Kraken,0,1,3.0,1.0,-1.5,6.5,-185.0
401802925,2025-12-23 03:00:00+00:00,2026,Los Angeles Kings,1,0,1.0,3.0,-1.5,5.5,-162.0
401802925,2025-12-23 03:00:00+00:00,2026,Columbus Blue Jackets,0,1,3.0,1.0,-1.5,5.5,-162.0
401802926,2025-12-23 21:00:00+00:00,2026,Toronto Maple Leafs,1,1,6.0,3.0,-1.5,6.5,-130.0
401802926,2025-12-23 21:00:00+00:00,2026,Pittsburgh Penguins,0,0,3.0,6.0,-1.5,6.5,-130.0
401802930,2025-12-23 23:30:00+00:00,2026,Detroit Red Wings,1,1,4.0,3.0,1.5,5.5,-125.0
401802930,2025-12-23 23:30:00+00:00,2026,Dallas Stars,0,0,3.0,4.0,1.5,5.5,-125.0
401802927,2025-12-24 00:00:00+00:00,2026,Washington Capitals,1,0,3.0,7.0,-1.5,5.5,-162.0
401802927,2025-12-24 00:00:00+00:00,2026,New York Rangers,0,1,7.0,3.0,-1.5,5.5,-162.0
401802928,2025-12-24 00:00:00+00:00,2026,Boston Bruins,1,0,2.0,6.0,-1.5,6.5,-120.0
401802928,2025-12-24 00:00:00+00:00,2026,Montreal Canadiens,0,1,6.0,2.0,-1.5,6.5,-120.0
401802929,2025-12-24 00:00:00+00:00,2026,Ottawa Senators,1,0,2.0,3.0,-1.5,6.5,-166.0
401802929,2025-12-24 00:00:00+00:00,2026,Buffalo Sabres,0,1,3.0,2.0,-1.5,6.5,-166.0
401802931,2025-12-24 00:00:00+00:00,2026,New York Islanders,1,1,2.0,1.0,1.5,5.5,-130.0
401802931,2025-12-24 00:00:00+00:00,2026,New Jersey Devils,0,0,1.0,2.0,1.5,5.5,-130.0
401802932,2025-12-24 00:00:00+00:00,2026,Carolina Hurricanes,1,0,2.0,5.0,-1.5,6.5,-142.0
401802932,2025-12-24 00:00:00+00:00,2026,Florida Panthers,0,1,5.0,2.0,-1.5,6.5,-142.0
401802933,2025-12-24 01:00:00+00:00,2026,Minnesota Wild,1,0,2.0,3.0,-1.5,6.5,-185.0
401802933,2025-12-24 01:00:00+00:00,2026,Nashville Predators,0,1,3.0,2.0,-1.5,6.5,-185.0
401802934,2025-12-24 02:00:00+00:00,2026,Chicago Blackhawks,1,0,1.0,3.0,1.5,5.5,-120.0
401802934,2025-12-24 02:00:00+00:00,2026,Philadelphia Flyers,0,1,3.0,1.0,1.5,5.5,-120.0
401802935,2025-12-24 02:00:00+00:00,2026,Colorado Avalanche,1,1,1.0,0.0,-1.5,6.5,-270.0
401802935,2025-12-24 02:00:00+00:00,2026,Utah Mammoth,0,0,0.0,1.0,-1.5,6.5,-270.0
401802936,2025-12-24 02:00:00+00:00,2026,Edmonton Oilers,1,1,5.0,1.0,-1.5,6.5,-162.0
401802936,2025-12-24 02:00:00+00:00,2026,Calgary Flames,0,0,1.0,5.0,-1.5,6.5,-162.0
401802937,2025-12-24 03:00:00+00:00,2026,Vegas Golden Knights,1,1,7.0,2.0,-1.5,6.5,-198.0
401802937,2025-12-24 03:00:00+00:00,2026,San Jose Sharks,0,0,2.0,7.0,-1.5,6.5,-198.0
401802938,2025-12-24 03:00:00+00:00,2026,Los Angeles Kings,1,0,2.0,3.0,-1.5,5.5,-218.0
401802938,2025-12-24 03:00:00+00:00,2026,Seattle Kraken,0,1,3.0,2.0,-1.5,5.5,-218.0
401802939,2025-12-27 23:00:00+00:00,2026,New York Islanders,1,1,2.0,0.0,1.5,5.5,-115.0
401802939,2025-12-27 23:00:00+00:00,2026,New York Rangers,0,0,0.0,2.0,1.5,5.5,-115.0
401802940,2025-12-28 00:00:00+00:00,2026,Buffalo Sabres,1,1,4.0,1.0,-1.5,6.5,-135.0
401802940,2025-12-28 00:00:00+00:00,2026,Boston Bruins,0,0,1.0,4.0,-1.5,6.5,-135.0
401802941,2025-12-28 00:00:00+00:00,2026,Toronto Maple Leafs,1,1,7.0,5.0,1.5,6.5,-125.0
401802941,2025-12-28 00:00:00+00:00,2026,Ottawa Senators,0,0,5.0,7.0,1.5,6.5,-125.0
401802942,2025-12-28 00:00:00+00:00,2026,Florida Panthers,1,0,2.0,4.0,1.5,5.5,-118.0
401802942,2025-12-28 00:00:00+00:00,2026,Tampa Bay Lightning,0,1,4.0,2.0,1.5,5.5,-118.0
401802943,2025-12-28 00:00:00+00:00,2026,New Jersey Devils,1,0,3.0,4.0,-1.5,5.5,-120.0
401802943,2025-12-28 00:00:00+00:00,2026,Washington Capitals,0,1,4.0,3.0,-1.5,5.5,-120.0
401802944,2025-12-28 00:00:00+00:00,2026,Carolina Hurricanes,1,1,5.0,2.0,-1.5,6.5,-170.0
401802944,2025-12-28 00:00:00+00:00,2026,Detroit Red Wings,0,0,2.0,5.0,-1.5,6.5,-170.0
401802945,2025-12-28 00:00:00+00:00,2026,Winnipeg Jets,1,0,3.0,4.0,1.5,5.5,-115.0
401802945,2025-12-28 00:00:00+00:00,2026,Minnesota Wild,0,1,4.0,3.0,1.5,5.5,-115.0
401802946,2025-12-28 01:00:00+00:00,2026,St. Louis Blues,1,1,3.0,2.0,-1.5,5.5,-118.0
401802946,2025-12-28 01:00:00+00:00,2026,Nashville Predators,0,0,2.0,3.0,-1.5,5.5,-118.0
401802947,2025-12-28 01:00:00+00:00,2026,Dallas Stars,1,0,3.0,4.0,-1.5,5.5,-360.0
401802947,2025-12-28 01:00:00+00:00,2026,Chicago Blackhawks,0,1,4.0,3.0,-1.5,5.5,-360.0
401802948,2025-12-28 02:00:00+00:00,2026,Los Angeles Kings,1,1,6.0,1.0,-1.5,6.5,-125.0
401802948,2025-12-28 02:00:00+00:00,2026,Anaheim Ducks,0,0,1.0,6.0,-1.5,6.5,-125.0
401802949,2025-12-28 03:00:00+00:00,2026,Calgary Flames,1,1,3.0,2.0,1.5,6.5,-148.0
401802949,2025-12-28 03:00:00+00:00,2026,Edmonton Oilers,0,0,2.0,3.0,1.5,6.5,-148.0
401802950,2025-12-28 03:00:00+00:00,2026,Vancouver Canucks,1,0,3.0,6.0,-1.5,6.5,-148.0
401802950,2025-12-28 03:00:00+00:00,2026,San Jose Sharks,0,1,6.0,3.0,-1.5,6.5,-148.0
401802951,2025-12-28 03:00:00+00:00,2026,Vegas Golden Knights,1,0,5.0,6.0,1.5,6.5,-155.0
401802951,2025-12-28 03:00:00+00:00,2026,Colorado Avalanche,0,1,6.0,5.0,1.5,6.5,-155.0
401802953,2025-12-28 22:00:00+00:00,2026,Tampa Bay Lightning,1,1,5.0,4.0,-1.5,6.5,-148.0
401802953,2025-12-28 22:00:00+00:00,2026,Montreal Canadiens,0,0,4.0,5.0,-1.5,6.5,-148.0
401802954,2025-12-28 22:00:00+00:00,2026,Columbus Blue Jackets,1,1,4.0,2.0,-1.5,5.5,-142.0
401802954,2025-12-28 22:00:00+00:00,2026,New York Islanders,0,0,2.0,4.0,-1.5,5.5,-142.0
401802952,2025-12-29 00:00:00+00:00,2026,Detroit Red Wings,1,1,3.0,2.0,-1.5,6.5,-142.0
401802952,2025-12-29 00:00:00+00:00,2026,Toronto Maple Leafs,0,0,2.0,3.0,-1.5,6.5,-142.0
401802955,2025-12-29 00:00:00+00:00,2026,Chicago Blackhawks,1,0,3.0,7.0,1.5,5.5,-155.0
401802955,2025-12-29 00:00:00+00:00,2026,Pittsburgh Penguins,0,1,7.0,3.0,1.5,5.5,-155.0
401802956,2025-12-29 01:00:00+00:00,2026,Seattle Kraken,1,1,4.0,1.0,1.5,5.5,-142.0
401802956,2025-12-29 01:00:00+00:00,2026,Philadelphia Flyers,0,0,1.0,4.0,1.5,5.5,-142.0
401802958,2025-12-30 00:00:00+00:00,2026,Florida Panthers,1,1,5.0,3.0,-1.5,5.5,-125.0
401802958,2025-12-30 00:00:00+00:00,2026,Washington Capitals,0,0,3.0,5.0,-1.5,5.5,-125.0
401802959,2025-12-30 00:00:00+00:00,2026,Carolina Hurricanes,1,1,3.0,2.0,-1.5,5.5,-175.0
401802959,2025-12-30 00:00:00+00:00,2026,New York Rangers,0,0,2.0,3.0,-1.5,5.5,-175.0
401802957,2025-12-30 00:30:00+00:00,2026,Ottawa Senators,1,0,1.0,4.0,-1.5,6.5,-218.0
401802957,2025-12-30 00:30:00+00:00,2026,Columbus Blue Jackets,0,1,4.0,1.0,-1.5,6.5,-218.0
401802960,2025-12-30 00:30:00+00:00,2026,Winnipeg Jets,1,0,1.0,3.0,1.5,6.5,-115.0
401802960,2025-12-30 00:30:00+00:00,2026,Edmonton Oilers,0,1,3.0,1.0,1.5,6.5,-115.0
401802961,2025-12-30 01:00:00+00:00,2026,St. Louis Blues,1,0,2.0,4.0,1.5,5.5,-115.0
401802961,2025-12-30 01:00:00+00:00,2026,Buffalo Sabres,0,1,4.0,2.0,1.5,5.5,-115.0
401802962,2025-12-30 02:00:00+00:00,2026,Colorado Avalanche,1,1,5.0,2.0,-1.5,5.5,-225.0
401802962,2025-12-30 02:00:00+00:00,2026,Los Angeles Kings,0,0,2.0,5.0,-1.5,5.5,-225.0
401802963,2025-12-30 02:00:00+00:00,2026,Utah Mammoth,1,0,3.0,4.0,-1.5,5.5,-142.0
401802963,2025-12-30 02:00:00+00:00,2026,Nashville Predators,0,1,4.0,3.0,-1.5,5.5,-142.0
401802964,2025-12-30 02:00:00+00:00,2026,Calgary Flames,1,1,2.0,1.0,-1.5,5.5,-130.0
401802964,2025-12-30 02:00:00+00:00,2026,Boston Bruins,0,0,1.0,2.0,-1.5,5.5,-130.0
401802965,2025-12-30 03:00:00+00:00,2026,Vegas Golden Knights,1,0,2.0,5.0,-1.5,5.5,-115.0
401802965,2025-12-30 03:00:00+00:00,2026,Minnesota Wild,0,1,5.0,2.0,-1.5,5.5,-115.0
401802966,2025-12-30 03:00:00+00:00,2026,Anaheim Ducks,1,0,4.0,5.0,-1.5,6.5,-170.0
401802966,2025-12-30 03:00:00+00:00,2026,San Jose Sharks,0,1,5.0,4.0,-1.5,6.5,-170.0
401802967,2025-12-30 03:00:00+00:00,2026,Seattle Kraken,1,0,2.0,3.0,1.5,5.5,-118.0
401802967,2025-12-30 03:00:00+00:00,2026,Vancouver Canucks,0,1,3.0,2.0,1.5,5.5,-118.0
401802968,2025-12-31 00:00:00+00:00,2026,Toronto Maple Leafs,1,1,4.0,0.0,1.5,5.5,-142.0
401802968,2025-12-31 00:00:00+00:00,2026,New Jersey Devils,0,0,0.0,4.0,1.5,5.5,-142.0
401802969,2025-12-31 00:00:00+00:00,2026,Florida Panthers,1,0,2.0,3.0,-1.5,6.5,-125.0
401802969,2025-12-31 00:00:00+00:00,2026,Montreal Canadiens,0,1,3.0,2.0,-1.5,6.5,-125.0
401802970,2025-12-31 00:00:00+00:00,2026,Pittsburgh Penguins,1,1,5.0,1.0,1.5,6.5,-130.0
401802970,2025-12-31 00:00:00+00:00,2026,Carolina Hurricanes,0,0,1.0,5.0,1.5,6.5,-130.0
401802971,2025-12-31 01:30:00+00:00,2026,Chicago Blackhawks,1,0,2.0,3.0,1.5,5.5,-135.0
401802971,2025-12-31 01:30:00+00:00,2026,New York Islanders,0,1,3.0,2.0,1.5,5.5,-135.0
401802972,2025-12-31 03:00:00+00:00,2026,Vancouver Canucks,1,0,3.0,6.0,1.5,5.5,-148.0
401802972,2025-12-31 03:00:00+00:00,2026,Philadelphia Flyers,0,1,6.0,3.0,1.5,5.5,-148.0
401802973,2025-12-31 17:30:00+00:00,2026,Washington Capitals,1,1,6.0,3.0,-1.5,5.5,-135.0
401802973,2025-12-31 17:30:00+00:00,2026,New York Rangers,0,0,3.0,6.0,-1.5,5.5,-135.0
401802974,2025-12-31 20:00:00+00:00,2026,Vegas Golden Knights,1,0,2.0,4.0,-1.5,6.5,-175.0
401802974,2025-12-31 20:00:00+00:00,2026,Nashville Predators,0,1,4.0,2.0,-1.5,6.5,-175.0
401802975,2025-12-31 21:00:00+00:00,2026,Anaheim Ducks,1,0,3.0,4.0,1.5,6.5,-155.0
401802975,2025-12-31 21:00:00+00:00,2026,Tampa Bay Lightning,0,1,4.0,3.0,1.5,6.5,-155.0
401802976,2025-12-31 21:00:00+00:00,2026,San Jose Sharks,1,1,4.0,3.0,1.5,6.5,-180.0
401802976,2025-12-31 21:00:00+00:00,2026,Minnesota Wild,0,0,3.0,4.0,1.5,6.5,-180.0
401802977,2025-12-31 23:30:00+00:00,2026,Detroit Red Wings,1,1,2.0,1.0,1.5,5.5,-118.0
401802977,2025-12-31 23:30:00+00:00,2026,Winnipeg Jets,0,0,1.0,2.0,1.5,5.5,-118.0
401802978,2026-01-01 00:00:00+00:00,2026,Columbus Blue Jackets,1,0,2.0,3.0,-1.5,5.5,-118.0
401802978,2026-01-01 00:00:00+00:00,2026,New Jersey Devils,0,1,3.0,2.0,-1.5,5.5,-118.0
401802979,2026-01-01 01:00:00+00:00,2026,Dallas Stars,1,0,1.0,4.0,-1.5,6.5,-155.0
401802979,2026-01-01 01:00:00+00:00,2026,Buffalo Sabres,0,1,4.0,1.0,-1.5,6.5,-155.0
401802980,2026-01-01 02:00:00+00:00,2026,Colorado Avalanche,1,1,6.0,1.0,-1.5,6.5,-360.0
401802980,2026-01-01 02:00:00+00:00,2026,St. Louis Blues,0,0,1.0,6.0,-1.5,6.5,-360.0
401802981,2026-01-01 02:30:00+00:00,2026,Calgary Flames,1,1,5.0,1.0,-1.5,5.5,-135.0
401802981,2026-01-01 02:30:00+00:00,2026,Philadelphia Flyers,0,0,1.0,5.0,-1.5,5.5,-135.0
401802982,2026-01-01 02:30:00+00:00,2026,Edmonton Oilers,1,0,2.0,6.0,-1.5,6.5,-185.0
401802982,2026-01-01 02:30:00+00:00,2026,Boston Bruins,0,1,6.0,2.0,-1.5,6.5,-185.0
401802983,2026-01-01 18:00:00+00:00,2026,Ottawa Senators,1,1,4.0,3.0,-1.5,5.5,-155.0
401802983,2026-01-01 18:00:00+00:00,2026,Washington Capitals,0,0,3.0,4.0,-1.5,5.5,-155.0
401802984,2026-01-01 20:00:00+00:00,2026,New York Islanders,1,0,2.0,7.0,1.5,5.5,-125.0
401802984,2026-01-01 20:00:00+00:00,2026,Utah Mammoth,0,1,7.0,2.0,1.5,5.5,-125.0
401802985,2026-01-02 00:00:00+00:00,2026,Toronto Maple Leafs,1,1,6.0,5.0,-1.5,5.5,-130.0
401802985,2026-01-02 00:00:00+00:00,2026,Winnipeg Jets,0,0,5.0,6.0,-1.5,5.5,-130.0
401802986,2026-01-02 00:00:00+00:00,2026,Pittsburgh Penguins,1,1,4.0,3.0,-1.5,6.5,-135.0
401802986,2026-01-02 00:00:00+00:00,2026,Detroit Red Wings,0,0,3.0,4.0,-1.5,6.5,-135.0
401802987,2026-01-02 00:00:00+00:00,2026,Carolina Hurricanes,1,0,5.0,7.0,-1.5,6.5,-166.0
401802987,2026-01-02 00:00:00+00:00,2026,Montreal Canadiens,0,1,7.0,5.0,-1.5,6.5,-166.0
401802990,2026-01-02 00:00:00+00:00,2026,Los Angeles Kings,1,0,3.0,5.0,-1.5,5.5,-125.0
401802990,2026-01-02 00:00:00+00:00,2026,Tampa Bay Lightning,0,1,5.0,3.0,-1.5,5.5,-125.0
401802988,2026-01-02 01:30:00+00:00,2026,Chicago Blackhawks,1,1,4.0,3.0,1.5,5.5,-185.0
401802988,2026-01-02 01:30:00+00:00,2026,Dallas Stars,0,0,3.0,4.0,1.5,5.5,-185.0
401802989,2026-01-02 03:00:00+00:00,2026,Seattle Kraken,1,1,4.0,1.0,1.5,5.5,-115.0
401802989,2026-01-02 03:00:00+00:00,2026,Nashville Predators,0,0,1.0,4.0,1.5,5.5,-115.0
401802991,2026-01-02 20:00:00+00:00,2026,St. Louis Blues,1,1,4.0,3.0,1.5,5.5,-155.0
401802991,2026-01-02 20:00:00+00:00,2026,Vegas Golden Knights,0,0,3.0,4.0,1.5,5.5,-155.0
401802992,2026-01-03 01:00:00+00:00,2026,Florida Panthers,1,0,1.0,5.0,-1.5,5.5,-135.0
401802992,2026-01-03 01:00:00+00:00,2026,New York Rangers,0,1,5.0,1.0,-1.5,5.5,-135.0
401802993,2026-01-03 03:30:00+00:00,2026,Vancouver Canucks,1,0,3.0,4.0,-1.5,5.5,-142.0
401802993,2026-01-03 03:30:00+00:00,2026,Seattle Kraken,0,1,4.0,3.0,-1.5,5.5,-142.0
401802994,2026-01-03 03:30:00+00:00,2026,Anaheim Ducks,1,0,2.0,5.0,1.5,6.5,-142.0
401802994,2026-01-03 03:30:00+00:00,2026,Minnesota Wild,0,1,5.0,2.0,1.5,6.5,-142.0
401802995,2026-01-03 17:00:00+00:00,2026,Detroit Red Wings,1,0,1.0,4.0,-1.5,6.5,-135.0
401802995,2026-01-03 17:00:00+00:00,2026,Pittsburgh Penguins,0,1,4.0,1.0,-1.5,6.5,-135.0
401802996,2026-01-03 20:00:00+00:00,2026,New Jersey Devils,1,1,4.0,1.0,-1.5,5.5,-118.0
401802996,2026-01-03 20:00:00+00:00,2026,Utah Mammoth,0,0,1.0,4.0,-1.5,5.5,-118.0
401802997,2026-01-03 20:00:00+00:00,2026,Columbus Blue Jackets,1,1,5.0,1.0,1.5,6.5,-110.0
401802997,2026-01-03 20:00:00+00:00,2026,Buffalo Sabres,0,0,1.0,5.0,1.5,6.5,-110.0
401802998,2026-01-03 20:30:00+00:00,2026,Edmonton Oilers,1,0,2.0,5.0,-1.5,6.5,-155.0
401802998,2026-01-03 20:30:00+00:00,2026,Philadelphia Flyers,0,1,5.0,2.0,-1.5,6.5,-155.0
401802999,2026-01-03 21:00:00+00:00,2026,St. Louis Blues,1,1,2.0,0.0,1.5,6.5,-155.0
401802999,2026-01-03 21:00:00+00:00,2026,Montreal Canadiens,0,0,0.0,2.0,1.5,6.5,-155.0
401803000,2026-01-03 21:00:00+00:00,2026,San Jose Sharks,1,0,3.0,7.0,1.5,6.5,-218.0
401803000,2026-01-03 21:00:00+00:00,2026,Tampa Bay Lightning,0,1,7.0,3.0,1.5,6.5,-218.0
401803001,2026-01-04 00:00:00+00:00,2026,Ottawa Senators,1,1,4.0,2.0,-1.5,5.5,-120.0
401803001,2026-01-04 00:00:00+00:00,2026,Winnipeg Jets,0,0,2.0,4.0,-1.5,5.5,-120.0
401803002,2026-01-04 00:00:00+00:00,2026,New York Islanders,1,1,4.0,3.0,1.5,5.5,-115.0
401803002,2026-01-04 00:00:00+00:00,2026,Toronto Maple Leafs,0,0,3.0,4.0,1.5,5.5,-115.0
401803003,2026-01-04 00:00:00+00:00,2026,Washington Capitals,1,0,2.0,3.0,-1.5,5.5,-250.0
401803003,2026-01-04 00:00:00+00:00,2026,Chicago Blackhawks,0,1,3.0,2.0,-1.5,5.5,-250.0
401803004,2026-01-04 00:00:00+00:00,2026,Carolina Hurricanes,1,0,3.0,5.0,1.5,6.5,-148.0
401803004,2026-01-04 00:00:00+00:00,2026,Colorado Avalanche,0,1,5.0,3.0,1.5,6.5,-148.0
401803005,2026-01-04 00:00:00+00:00,2026,Calgary Flames,1,0,3.0,4.0,-1.5,5.5,-115.0
401803005,2026-01-04 00:00:00+00:00,2026,Nashville Predators,0,1,4.0,3.0,-1.5,5.5,-115.0
401803006,2026-01-04 02:00:00+00:00,2026,Los Angeles Kings,1,1,5.0,4.0,-1.5,5.5,-122.0
401803006,2026-01-04 02:00:00+00:00,2026,Minnesota Wild,0,0,4.0,5.0,-1.5,5.5,-122.0
401803007,2026-01-04 03:00:00+00:00,2026,Vancouver Canucks,1,0,2.0,3.0,1.5,6.5,-142.0
401803007,2026-01-04 03:00:00+00:00,2026,Boston Bruins,0,1,3.0,2.0,1.5,6.5,-142.0
401803008,2026-01-04 19:00:00+00:00,2026,Dallas Stars,1,0,3.0,4.0,-1.5,6.5,-185.0
401803008,2026-01-04 19:00:00+00:00,2026,Montreal Canadiens,0,1,4.0,3.0,-1.5,6.5,-185.0
401803009,2026-01-04 20:00:00+00:00,2026,Columbus Blue Jackets,1,0,4.0,5.0,-1.5,6.5,-130.0
401803009,2026-01-04 20:00:00+00:00,2026,Pittsburgh Penguins,0,1,5.0,4.0,-1.5,6.5,-130.0
401803010,2026-01-04 22:00:00+00:00,2026,Florida Panthers,1,1,2.0,1.0,1.5,6.5,-148.0
401803010,2026-01-04 22:00:00+00:00,2026,Colorado Avalanche,0,0,1.0,2.0,1.5,6.5,-148.0
401803011,2026-01-05 00:00:00+00:00,2026,New Jersey Devils,1,0,1.0,3.0,1.5,6.5,-125.0
401803011,2026-01-05 00:00:00+00:00,2026,Carolina Hurricanes,0,1,3.0,1.0,1.5,6.5,-125.0
401803012,2026-01-05 00:00:00+00:00,2026,Chicago Blackhawks,1,1,3.0,2.0,1.5,6.5,-265.0
401803012,2026-01-05 00:00:00+00:00,2026,Vegas Golden Knights,0,0,2.0,3.0,1.5,6.5,-265.0
401803013,2026-01-06 00:00:00+00:00,2026,New York Rangers,1,0,2.0,3.0,1.5,5.5,-112.0
401803013,2026-01-06 00:00:00+00:00,2026,Utah Mammoth,0,1,3.0,2.0,1.5,5.5,-112.0
401803014,2026-01-06 00:00:00+00:00,2026,Washington Capitals,1,1,7.0,4.0,-1.5,6.5,-130.0
401803014,2026-01-06 00:00:00+00:00,2026,Anaheim Ducks,0,0,4.0,7.0,-1.5,6.5,-130.0
401803015,2026-01-06 00:30:00+00:00,2026,Ottawa Senators,1,0,3.0,5.0,-1.5,6.5,-162.0
401803015,2026-01-06 00:30:00+00:00,2026,Detroit Red Wings,0,1,5.0,3.0,-1.5,6.5,-162.0
401803016,2026-01-06 02:30:00+00:00,2026,Calgary Flames,1,0,1.0,5.0,-1.5,5.5,-155.0
401803016,2026-01-06 02:30:00+00:00,2026,Seattle Kraken,0,1,5.0,1.0,-1.5,5.5,-155.0
401803017,2026-01-06 03:30:00+00:00,2026,Los Angeles Kings,1,1,4.0,2.0,1.5,5.5,-122.0
401803017,2026-01-06 03:30:00+00:00,2026,Minnesota Wild,0,0,2.0,4.0,1.5,5.5,-122.0
401803018,2026-01-07 00:00:00+00:00,2026,Buffalo Sabres,1,1,5.0,3.0,-1.5,6.5,-170.0
401803018,2026-01-07 00:00:00+00:00,2026,Vancouver Canucks,0,0,3.0,5.0,-1.5,6.5,-170.0
401803019,2026-01-07 00:00:00+00:00,2026,Tampa Bay Lightning,1,1,4.0,2.0,1.5,6.5,-118.0
401803019,2026-01-07 00:00:00+00:00,2026,Colorado Avalanche,0,0,2.0,4.0,1.5,6.5,-118.0
401803021,2026-01-07 00:00:00+00:00,2026,Philadelphia Flyers,1,1,5.0,2.0,-1.5,6.5,-155.0
401803021,2026-01-07 00:00:00+00:00,2026,Anaheim Ducks,0,0,2.0,5.0,-1.5,6.5,-155.0
401803022,2026-01-07 00:00:00+00:00,2026,Carolina Hurricanes,1,1,6.0,3.0,-1.5,6.5,-142.0
401803022,2026-01-07 00:00:00+00:00,2026,Dallas Stars,0,0,3.0,6.0,-1.5,6.5,-142.0
401803020,2026-01-07 00:30:00+00:00,2026,New York Islanders,1,1,9.0,0.0,1.5,5.5,-122.0
401803020,2026-01-07 00:30:00+00:00,2026,New Jersey Devils,0,0,0.0,9.0,1.5,5.5,-122.0
401803023,2026-01-07 00:30:00+00:00,2026,Toronto Maple Leafs,1,1,4.0,1.0,1.5,5.5,-135.0
401803023,2026-01-07 00:30:00+00:00,2026,Florida Panthers,0,0,1.0,4.0,1.5,5.5,-135.0
401803024,2026-01-07 01:00:00+00:00,2026,Winnipeg Jets,1,0,3.0,4.0,-1.5,5.5,-118.0
401803024,2026-01-07 01:00:00+00:00,2026,Vegas Golden Knights,0,1,4.0,3.0,-1.5,5.5,-118.0
401803025,2026-01-07 02:00:00+00:00,2026,Edmonton Oilers,1,1,6.0,2.0,-1.5,6.5,-148.0
401803025,2026-01-07 02:00:00+00:00,2026,Nashville Predators,0,0,2.0,6.0,-1.5,6.5,-148.0
401803026,2026-01-07 03:00:00+00:00,2026,San Jose Sharks,1,1,5.0,2.0,1.5,6.5,-142.0
401803026,2026-01-07 03:00:00+00:00,2026,Columbus Blue Jackets,0,0,2.0,5.0,1.5,6.5,-142.0
401803027,2026-01-07 03:00:00+00:00,2026,Seattle Kraken,1,1,7.0,4.0,1.5,5.5,-120.0
401803027,2026-01-07 03:00:00+00:00,2026,Boston Bruins,0,0,4.0,7.0,1.5,5.5,-120.0
401803028,2026-01-08 00:00:00+00:00,2026,Washington Capitals,1,0,1.0,4.0,-1.5,6.5,-122.0
401803028,2026-01-08 00:00:00+00:00,2026,Dallas Stars,0,1,4.0,1.0,-1.5,6.5,-122.0
401803029,2026-01-08 00:30:00+00:00,2026,Montreal Canadiens,1,1,4.0,1.0,-1.5,6.5,-135.0
401803029,2026-01-08 00:30:00+00:00,2026,Calgary Flames,0,0,1.0,4.0,-1.5,6.5,-135.0
401803030,2026-01-08 02:30:00+00:00,2026,Chicago Blackhawks,1,1,7.0,3.0,1.5,5.5,-122.0
401803030,2026-01-08 02:30:00+00:00,2026,St. Louis Blues,0,0,3.0,7.0,1.5,5.5,-122.0
401803031,2026-01-08 02:30:00+00:00,2026,Utah Mammoth,1,1,3.0,1.0,-1.5,6.5,-118.0
401803031,2026-01-08 02:30:00+00:00,2026,Ottawa Senators,0,0,1.0,3.0,-1.5,6.5,-118.0
401803032,2026-01-08 03:30:00+00:00,2026,Los Angeles Kings,1,0,3.0,4.0,-1.5,6.5,-230.0
401803032,2026-01-08 03:30:00+00:00,2026,San Jose Sharks,0,1,4.0,3.0,-1.5,6.5,-230.0
401803033,2026-01-09 00:00:00+00:00,2026,Boston Bruins,1,1,4.0,1.0,-1.5,6.5,-130.0
401803033,2026-01-09 00:00:00+00:00,2026,Calgary Flames,0,0,1.0,4.0,-1.5,6.5,-130.0
401803034,2026-01-09 00:00:00+00:00,2026,Montreal Canadiens,1,1,6.0,2.0,1.5,6.5,-112.0
401803034,2026-01-09 00:00:00+00:00,2026,Florida Panthers,0,0,2.0,6.0,1.5,6.5,-112.0
401803035,2026-01-09 00:00:00+00:00,2026,Detroit Red Wings,1,1,5.0,1.0,-1.5,6.5,-148.0
401803035,2026-01-09 00:00:00+00:00,2026,Vancouver Canucks,0,0,1.0,5.0,-1.5,6.5,-148.0
401803036,2026-01-09 00:00:00+00:00,2026,New York Rangers,1,0,2.0,5.0,1.5,6.5,-125.0
401803036,2026-01-09 00:00:00+00:00,2026,Buffalo Sabres,0,1,5.0,2.0,1.5,6.5,-125.0
401803037,2026-01-09 00:00:00+00:00,2026,Philadelphia Flyers,1,0,1.0,2.0,-1.5,5.5,-122.0
401803037,2026-01-09 00:00:00+00:00,2026,Toronto Maple Leafs,0,1,2.0,1.0,-1.5,5.5,-122.0
401803038,2026-01-09 00:00:00+00:00,2026,Pittsburgh Penguins,1,1,4.0,1.0,-1.5,6.5,-105.0
401803038,2026-01-09 00:00:00+00:00,2026,New Jersey Devils,0,0,1.0,4.0,-1.5,6.5,-105.0
401803039,2026-01-09 00:00:00+00:00,2026,Carolina Hurricanes,1,1,5.0,2.0,-1.5,6.5,-230.0
401803039,2026-01-09 00:00:00+00:00,2026,Anaheim Ducks,0,0,2.0,5.0,-1.5,6.5,-230.0
401803040,2026-01-09 01:00:00+00:00,2026,Nashville Predators,1,1,2.0,1.0,-1.5,5.5,-142.0
401803040,2026-01-09 01:00:00+00:00,2026,New York Islanders,0,0,1.0,2.0,-1.5,5.5,-142.0
401803041,2026-01-09 01:00:00+00:00,2026,Winnipeg Jets,1,0,3.0,4.0,1.5,6.5,-115.0
401803041,2026-01-09 01:00:00+00:00,2026,Edmonton Oilers,0,1,4.0,3.0,1.5,6.5,-115.0
401803042,2026-01-09 02:00:00+00:00,2026,Colorado Avalanche,1,1,8.0,2.0,-1.5,6.5,-290.0
401803042,2026-01-09 02:00:00+00:00,2026,Ottawa Senators,0,0,2.0,8.0,-1.5,6.5,-290.0
401803043,2026-01-09 03:00:00+00:00,2026,Vegas Golden Knights,1,1,5.0,3.0,-1.5,6.5,-135.0
401803043,2026-01-09 03:00:00+00:00,2026,Columbus Blue Jackets,0,0,3.0,5.0,-1.5,6.5,-135.0
401803044,2026-01-09 03:00:00+00:00,2026,Seattle Kraken,1,0,2.0,3.0,1.5,5.5,-170.0
401803044,2026-01-09 03:00:00+00:00,2026,Minnesota Wild,0,1,3.0,2.0,1.5,5.5,-170.0
401803045,2026-01-10 01:00:00+00:00,2026,Chicago Blackhawks,1,0,1.0,5.0,1.5,6.5,-135.0
401803045,2026-01-10 01:00:00+00:00,2026,Washington Capitals,0,1,5.0,1.0,1.5,6.5,-135.0
401803046,2026-01-10 01:00:00+00:00,2026,Winnipeg Jets,1,1,5.0,1.0,1.5,5.5,-135.0
401803046,2026-01-10 01:00:00+00:00,2026,Los Angeles Kings,0,0,1.0,5.0,1.5,5.5,-135.0
401803047,2026-01-10 02:00:00+00:00,2026,Utah Mammoth,1,1,4.0,2.0,-1.5,5.5,-192.0
401803047,2026-01-10 02:00:00+00:00,2026,St. Louis Blues,0,0,2.0,4.0,-1.5,5.5,-192.0
401803048,2026-01-10 18:00:00+00:00,2026,Boston Bruins,1,1,10.0,2.0,-1.5,6.5,-130.0
401803048,2026-01-10 18:00:00+00:00,2026,New York Rangers,0,0,2.0,10.0,-1.5,6.5,-130.0
401803049,2026-01-10 20:30:00+00:00,2026,Pittsburgh Penguins,1,0,1.0,2.0,-1.5,6.5,-148.0
401803049,2026-01-10 20:30:00+00:00,2026,Calgary Flames,0,1,2.0,1.0,-1.5,6.5,-148.0
401803050,2026-01-10 21:00:00+00:00,2026,Colorado Avalanche,1,1,4.0,0.0,-1.5,6.5,-285.0
401803050,2026-01-10 21:00:00+00:00,2026,Columbus Blue Jackets,0,0,0.0,4.0,-1.5,6.5,-285.0
401803051,2026-01-10 21:00:00+00:00,2026,San Jose Sharks,1,1,5.0,4.0,1.5,6.5,-162.0
401803051,2026-01-10 21:00:00+00:00,2026,Dallas Stars,0,0,4.0,5.0,1.5,6.5,-162.0
401803052,2026-01-11 00:00:00+00:00,2026,Buffalo Sabres,1,1,5.0,3.0,-1.5,6.5,-148.0
401803052,2026-01-11 00:00:00+00:00,2026,Anaheim Ducks,0,0,3.0,5.0,-1.5,6.5,-148.0
401803053,2026-01-11 00:00:00+00:00,2026,Toronto Maple Leafs,1,1,5.0,0.0,-1.5,6.5,-162.0
401803053,2026-01-11 00:00:00+00:00,2026,Vancouver Canucks,0,0,0.0,5.0,-1.5,6.5,-162.0
401803054,2026-01-11 00:00:00+00:00,2026,Montreal Canadiens,1,0,0.0,4.0,-1.5,6.5,-135.0
401803054,2026-01-11 00:00:00+00:00,2026,Detroit Red Wings,0,1,4.0,0.0,-1.5,6.5,-135.0
401803055,2026-01-11 00:00:00+00:00,2026,Ottawa Senators,1,0,2.0,3.0,-1.5,6.5,-125.0
401803055,2026-01-11 00:00:00+00:00,2026,Florida Panthers,0,1,3.0,2.0,-1.5,6.5,-125.0
401803056,2026-01-11 00:00:00+00:00,2026,Philadelphia Flyers,1,0,2.0,7.0,1.5,5.5,-185.0
401803056,2026-01-11 00:00:00+00:00,2026,Tampa Bay Lightning,0,1,7.0,2.0,1.5,5.5,-185.0
401803057,2026-01-11 00:00:00+00:00,2026,Carolina Hurricanes,1,1,3.0,2.0,-1.5,6.5,-305.0
401803057,2026-01-11 00:00:00+00:00,2026,Seattle Kraken,0,0,2.0,3.0,-1.5,6.5,-305.0
401803058,2026-01-11 01:00:00+00:00,2026,Nashville Predators,1,0,0.0,3.0,-1.5,6.5,-218.0
401803058,2026-01-11 01:00:00+00:00,2026,Chicago Blackhawks,0,1,3.0,0.0,-1.5,6.5,-218.0
401803059,2026-01-11 01:00:00+00:00,2026,Minnesota Wild,1,0,3.0,4.0,-1.5,5.5,-155.0
401803059,2026-01-11 01:00:00+00:00,2026,New York Islanders,0,1,4.0,3.0,-1.5,5.5,-155.0
401803060,2026-01-11 03:00:00+00:00,2026,Edmonton Oilers,1,0,3.0,4.0,-1.5,6.5,-180.0
401803060,2026-01-11 03:00:00+00:00,2026,Los Angeles Kings,0,1,4.0,3.0,-1.5,6.5,-180.0
401803061,2026-01-11 03:00:00+00:00,2026,Vegas Golden Knights,1,1,4.0,2.0,-1.5,5.5,-278.0
401803061,2026-01-11 03:00:00+00:00,2026,St. Louis Blues,0,0,2.0,4.0,-1.5,5.5,-278.0
401803062,2026-01-11 19:00:00+00:00,2026,Winnipeg Jets,1,1,4.0,3.0,-1.5,5.5,-130.0
401803062,2026-01-11 19:00:00+00:00,2026,New Jersey Devils,0,0,3.0,4.0,-1.5,5.5,-130.0
401803063,2026-01-11 22:00:00+00:00,2026,Boston Bruins,1,1,1.0,0.0,1.5,6.5,-120.0
401803063,2026-01-11 22:00:00+00:00,2026,Pittsburgh Penguins,0,0,0.0,1.0,1.5,6.5,-120.0
401803064,2026-01-12 00:00:00+00:00,2026,Nashville Predators,1,1,3.0,2.0,1.5,6.5,-130.0
401803064,2026-01-12 00:00:00+00:00,2026,Washington Capitals,0,0,2.0,3.0,1.5,6.5,-130.0
401803065,2026-01-12 00:00:00+00:00,2026,Utah Mammoth,1,0,2.0,3.0,-1.5,6.5,-175.0
401803065,2026-01-12 00:00:00+00:00,2026,Columbus Blue Jackets,0,1,3.0,2.0,-1.5,6.5,-175.0
401803066,2026-01-12 01:00:00+00:00,2026,San Jose Sharks,1,0,2.0,7.0,1.5,6.5,-142.0
401803066,2026-01-12 01:00:00+00:00,2026,Vegas Golden Knights,0,1,7.0,2.0,1.5,6.5,-142.0
401803067,2026-01-13 00:00:00+00:00,2026,Buffalo Sabres,1,0,3.0,4.0,-1.5,6.5,-120.0
401803067,2026-01-13 00:00:00+00:00,2026,Florida Panthers,0,1,4.0,3.0,-1.5,6.5,-120.0
401803068,2026-01-13 00:00:00+00:00,2026,Detroit Red Wings,1,1,4.0,3.0,1.5,6.5,-155.0
401803068,2026-01-13 00:00:00+00:00,2026,Carolina Hurricanes,0,0,3.0,4.0,1.5,6.5,-155.0
401803069,2026-01-13 00:00:00+00:00,2026,New York Rangers,1,0,2.0,4.0,-1.5,5.5,-142.0
401803069,2026-01-13 00:00:00+00:00,2026,Seattle Kraken,0,1,4.0,2.0,-1.5,5.5,-142.0
401803070,2026-01-13 00:00:00+00:00,2026,Philadelphia Flyers,1,0,1.0,5.0,1.5,5.5,-142.0
401803070,2026-01-13 00:00:00+00:00,2026,Tampa Bay Lightning,0,1,5.0,1.0,1.5,5.5,-142.0
401803071,2026-01-13 00:30:00+00:00,2026,Montreal Canadiens,1,1,6.0,3.0,-1.5,6.5,-192.0
401803071,2026-01-13 00:30:00+00:00,2026,Vancouver Canucks,0,0,3.0,6.0,-1.5,6.5,-192.0
401803072,2026-01-13 01:00:00+00:00,2026,Minnesota Wild,1,0,2.0,5.0,-1.5,5.5,-175.0
401803072,2026-01-13 01:00:00+00:00,2026,New Jersey Devils,0,1,5.0,2.0,-1.5,5.5,-175.0
401803073,2026-01-13 01:30:00+00:00,2026,Chicago Blackhawks,1,0,1.0,4.0,1.5,6.5,-180.0
401803073,2026-01-13 01:30:00+00:00,2026,Edmonton Oilers,0,1,4.0,1.0,1.5,6.5,-180.0
401803074,2026-01-13 03:00:00+00:00,2026,Colorado Avalanche,1,0,3.0,4.0,-1.5,6.5,-238.0
401803074,2026-01-13 03:00:00+00:00,2026,Toronto Maple Leafs,0,1,4.0,3.0,-1.5,6.5,-238.0
401803075,2026-01-13 03:00:00+00:00,2026,Los Angeles Kings,1,0,1.0,3.0,1.5,5.5,-120.0
401803075,2026-01-13 03:00:00+00:00,2026,Dallas Stars,0,1,3.0,1.0,1.5,5.5,-120.0
401803076,2026-01-14 00:00:00+00:00,2026,Ottawa Senators,1,1,2.0,1.0,-1.5,6.5,-238.0
401803076,2026-01-14 00:00:00+00:00,2026,Vancouver Canucks,0,0,1.0,2.0,-1.5,6.5,-238.0
401803077,2026-01-14 00:00:00+00:00,2026,Pittsburgh Penguins,1,0,1.0,2.0,1.5,6.5,-148.0
401803077,2026-01-14 00:00:00+00:00,2026,Tampa Bay Lightning,0,1,2.0,1.0,1.5,6.5,-148.0
401803078,2026-01-14 00:00:00+00:00,2026,Washington Capitals,1,1,3.0,2.0,-1.5,6.5,-135.0
401803078,2026-01-14 00:00:00+00:00,2026,Montreal Canadiens,0,0,2.0,3.0,-1.5,6.5,-135.0
401803079,2026-01-14 00:00:00+00:00,2026,Columbus Blue Jackets,1,1,5.0,3.0,-1.5,6.5,-148.0
401803079,2026-01-14 00:00:00+00:00,2026,Calgary Flames,0,0,3.0,5.0,-1.5,6.5,-148.0
401803080,2026-01-14 00:30:00+00:00,2026,Boston Bruins,1,1,3.0,0.0,-1.5,6.5,-148.0
401803080,2026-01-14 00:30:00+00:00,2026,Detroit Red Wings,0,0,0.0,3.0,-1.5,6.5,-148.0
401803081,2026-01-14 00:30:00+00:00,2026,St. Louis Blues,1,1,3.0,0.0,1.5,5.5,-180.0
401803081,2026-01-14 00:30:00+00:00,2026,Carolina Hurricanes,0,0,0.0,3.0,1.5,5.5,-180.0
401803082,2026-01-14 01:00:00+00:00,2026,Nashville Predators,1,1,4.0,3.0,1.5,6.5,-135.0
401803082,2026-01-14 01:00:00+00:00,2026,Edmonton Oilers,0,0,3.0,4.0,1.5,6.5,-135.0
401803083,2026-01-14 01:00:00+00:00,2026,Winnipeg Jets,1,1,5.0,4.0,-1.5,5.5,-130.0
401803083,2026-01-14 01:00:00+00:00,2026,New York Islanders,0,0,4.0,5.0,-1.5,5.5,-130.0
401803084,2026-01-14 03:00:00+00:00,2026,Utah Mammoth,1,1,6.0,1.0,-1.5,6.5,-162.0
401803084,2026-01-14 03:00:00+00:00,2026,Toronto Maple Leafs,0,0,1.0,6.0,-1.5,6.5,-162.0
401803085,2026-01-14 03:00:00+00:00,2026,Anaheim Ducks,1,1,3.0,1.0,1.5,6.5,-125.0
401803085,2026-01-14 03:00:00+00:00,2026,Dallas Stars,0,0,1.0,3.0,1.5,6.5,-125.0
401803086,2026-01-15 00:00:00+00:00,2026,New Jersey Devils,1,1,3.0,2.0,-1.5,5.5,-162.0
401803086,2026-01-15 00:00:00+00:00,2026,Seattle Kraken,0,0,2.0,3.0,-1.5,5.5,-162.0
401803087,2026-01-15 00:30:00+00:00,2026,Buffalo Sabres,1,1,5.0,2.0,-1.5,6.5,-142.0
401803087,2026-01-15 00:30:00+00:00,2026,Philadelphia Flyers,0,0,2.0,5.0,-1.5,6.5,-142.0
401803088,2026-01-15 00:30:00+00:00,2026,New York Rangers,1,0,4.0,8.0,1.5,6.5,-122.0
401803088,2026-01-15 00:30:00+00:00,2026,Ottawa Senators,0,1,8.0,4.0,1.5,6.5,-122.0
401803089,2026-01-15 03:00:00+00:00,2026,Los Angeles Kings,1,0,2.0,3.0,1.5,5.5,-122.0
401803089,2026-01-15 03:00:00+00:00,2026,Vegas Golden Knights,0,1,3.0,2.0,1.5,5.5,-122.0
401803091,2026-01-16 00:00:00+00:00,2026,Buffalo Sabres,1,1,5.0,3.0,1.5,6.5,-125.0
401803091,2026-01-16 00:00:00+00:00,2026,Montreal Canadiens,0,0,3.0,5.0,1.5,6.5,-125.0
401803092,2026-01-16 00:00:00+00:00,2026,Pittsburgh Penguins,1,1,6.0,3.0,-1.5,6.5,-175.0
401803092,2026-01-16 00:00:00+00:00,2026,Philadelphia Flyers,0,0,3.0,6.0,-1.5,6.5,-175.0
401803093,2026-01-16 00:00:00+00:00,2026,Washington Capitals,1,0,2.0,3.0,-1.5,6.5,-175.0
401803093,2026-01-16 00:00:00+00:00,2026,San Jose Sharks,0,1,3.0,2.0,-1.5,6.5,-175.0
401803094,2026-01-16 00:00:00+00:00,2026,Columbus Blue Jackets,1,1,4.0,1.0,-1.5,6.5,-166.0
401803094,2026-01-16 00:00:00+00:00,2026,Vancouver Canucks,0,0,1.0,4.0,-1.5,6.5,-166.0
401803090,2026-01-16 01:00:00+00:00,2026,Boston Bruins,1,1,4.0,2.0,-1.5,6.5,-175.0
401803090,2026-01-16 01:00:00+00:00,2026,Seattle Kraken,0,0,2.0,4.0,-1.5,6.5,-175.0
401803095,2026-01-16 01:00:00+00:00,2026,Minnesota Wild,1,0,2.0,6.0,-1.5,5.5,-135.0
401803095,2026-01-16 01:00:00+00:00,2026,Winnipeg Jets,0,1,6.0,2.0,-1.5,5.5,-135.0
401803096,2026-01-16 01:30:00+00:00,2026,Chicago Blackhawks,1,0,1.0,3.0,-1.5,6.5,-120.0
401803096,2026-01-16 01:30:00+00:00,2026,Calgary Flames,0,1,3.0,1.0,-1.5,6.5,-120.0
401803097,2026-01-16 02:00:00+00:00,2026,Utah Mammoth,1,1,2.0,1.0,-1.5,5.5,-130.0
401803097,2026-01-16 02:00:00+00:00,2026,Dallas Stars,0,0,1.0,2.0,-1.5,5.5,-130.0
401803098,2026-01-16 02:00:00+00:00,2026,Edmonton Oilers,1,0,0.0,1.0,-1.5,6.5,-170.0
401803098,2026-01-16 02:00:00+00:00,2026,New York Islanders,0,1,1.0,0.0,-1.5,6.5,-170.0
401803099,2026-01-16 02:30:00+00:00,2026,Vegas Golden Knights,1,1,6.0,5.0,-1.5,5.5,-130.0
401803099,2026-01-16 02:30:00+00:00,2026,Toronto Maple Leafs,0,0,5.0,6.0,-1.5,5.5,-130.0
401803100,2026-01-17 00:00:00+00:00,2026,Detroit Red Wings,1,1,4.0,2.0,-1.5,6.5,-166.0
401803100,2026-01-17 00:00:00+00:00,2026,San Jose Sharks,0,0,2.0,4.0,-1.5,6.5,-166.0
401803101,2026-01-17 00:00:00+00:00,2026,Carolina Hurricanes,1,1,9.0,1.0,-1.5,5.5,-180.0
401803101,2026-01-17 00:00:00+00:00,2026,Florida Panthers,0,0,1.0,9.0,-1.5,5.5,-180.0
401803102,2026-01-17 01:00:00+00:00,2026,St. Louis Blues,1,1,3.0,2.0,1.5,5.5,-205.0
401803102,2026-01-17 01:00:00+00:00,2026,Tampa Bay Lightning,0,0,2.0,3.0,1.5,5.5,-205.0
401803103,2026-01-17 02:00:00+00:00,2026,Colorado Avalanche,1,0,3.0,7.0,-1.5,6.5,-325.0
401803103,2026-01-17 02:00:00+00:00,2026,Nashville Predators,0,1,7.0,3.0,-1.5,6.5,-325.0
401803104,2026-01-17 03:30:00+00:00,2026,Los Angeles Kings,1,0,2.0,3.0,-1.5,5.5,-148.0
401803104,2026-01-17 03:30:00+00:00,2026,Anaheim Ducks,0,1,3.0,2.0,-1.5,5.5,-148.0
401803105,2026-01-17 17:30:00+00:00,2026,Buffalo Sabres,1,0,4.0,5.0,-1.5,6.5,-125.0
401803105,2026-01-17 17:30:00+00:00,2026,Minnesota Wild,0,1,5.0,4.0,-1.5,6.5,-125.0
401803106,2026-01-17 18:00:00+00:00,2026,Philadelphia Flyers,1,0,3.0,6.0,-1.5,6.5,-125.0
401803106,2026-01-17 18:00:00+00:00,2026,New York Rangers,0,1,6.0,3.0,-1.5,6.5,-125.0
401803107,2026-01-17 20:00:00+00:00,2026,Calgary Flames,1,1,4.0,2.0,-1.5,5.5,-125.0
401803107,2026-01-17 20:00:00+00:00,2026,New York Islanders,0,0,2.0,4.0,-1.5,5.5,-125.0
401803108,2026-01-17 22:00:00+00:00,2026,Utah Mammoth,1,1,6.0,3.0,-1.5,5.5,-198.0
401803108,2026-01-17 22:00:00+00:00,2026,Seattle Kraken,0,0,3.0,6.0,-1.5,5.5,-198.0
401803109,2026-01-18 00:00:00+00:00,2026,Ottawa Senators,1,0,5.0,6.0,-1.5,6.5,-120.0
401803109,2026-01-18 00:00:00+00:00,2026,Montreal Canadiens,0,1,6.0,5.0,-1.5,6.5,-120.0
401803110,2026-01-18 00:00:00+00:00,2026,New Jersey Devils,1,0,1.0,4.0,1.5,5.5,-115.0
401803110,2026-01-18 00:00:00+00:00,2026,Carolina Hurricanes,0,1,4.0,1.0,1.5,5.5,-115.0
401803111,2026-01-18 00:00:00+00:00,2026,Pittsburgh Penguins,1,0,3.0,4.0,-1.5,6.5,-118.0
401803111,2026-01-18 00:00:00+00:00,2026,Columbus Blue Jackets,0,1,4.0,3.0,-1.5,6.5,-118.0
401803112,2026-01-18 00:00:00+00:00,2026,Washington Capitals,1,0,2.0,5.0,-1.5,6.5,-162.0
401803112,2026-01-18 00:00:00+00:00,2026,Florida Panthers,0,1,5.0,2.0,-1.5,6.5,-162.0
401803113,2026-01-18 00:00:00+00:00,2026,Winnipeg Jets,1,0,3.0,4.0,-1.5,6.5,-148.0
401803113,2026-01-18 00:00:00+00:00,2026,Toronto Maple Leafs,0,1,4.0,3.0,-1.5,6.5,-148.0
401803114,2026-01-18 01:00:00+00:00,2026,Chicago Blackhawks,1,0,2.0,5.0,1.5,6.5,-125.0
401803114,2026-01-18 01:00:00+00:00,2026,Boston Bruins,0,1,5.0,2.0,1.5,6.5,-125.0
401803115,2026-01-18 03:00:00+00:00,2026,Vancouver Canucks,1,0,0.0,6.0,1.5,6.5,-185.0
401803115,2026-01-18 03:00:00+00:00,2026,Edmonton Oilers,0,1,6.0,0.0,1.5,6.5,-185.0
401803116,2026-01-18 03:00:00+00:00,2026,Vegas Golden Knights,1,1,7.0,2.0,-1.5,6.5,-218.0
401803116,2026-01-18 03:00:00+00:00,2026,Nashville Predators,0,0,2.0,7.0,-1.5,6.5,-218.0
401803117,2026-01-18 03:00:00+00:00,2026,Anaheim Ducks,1,1,2.0,1.0,1.5,6.5,-115.0
401803117,2026-01-18 03:00:00+00:00,2026,Los Angeles Kings,0,0,1.0,2.0,1.5,6.5,-115.0
401803118,2026-01-18 19:00:00+00:00,2026,Dallas Stars,1,0,1.0,4.0,1.5,5.5,-118.0
401803118,2026-01-18 19:00:00+00:00,2026,Tampa Bay Lightning,0,1,4.0,1.0,1.5,5.5,-118.0
401803119,2026-01-18 22:00:00+00:00,2026,Detroit Red Wings,1,1,4.0,3.0,-1.5,6.5,-125.0
401803119,2026-01-18 22:00:00+00:00,2026,Ottawa Senators,0,0,3.0,4.0,-1.5,6.5,-125.0
401803120,2026-01-19 01:00:00+00:00,2026,Edmonton Oilers,1,1,5.0,0.0,-1.5,6.5,-162.0
401803120,2026-01-19 01:00:00+00:00,2026,St. Louis Blues,0,0,0.0,5.0,-1.5,6.5,-162.0
401803121,2026-01-19 18:30:00+00:00,2026,Carolina Hurricanes,1,1,2.0,1.0,-1.5,6.5,-185.0
401803121,2026-01-19 18:30:00+00:00,2026,Buffalo Sabres,0,0,1.0,2.0,-1.5,6.5,-185.0
401803122,2026-01-19 21:00:00+00:00,2026,Colorado Avalanche,1,1,5.0,2.0,-1.5,6.5,-218.0
401803122,2026-01-19 21:00:00+00:00,2026,Washington Capitals,0,0,2.0,5.0,-1.5,6.5,-218.0
401803123,2026-01-19 22:00:00+00:00,2026,Seattle Kraken,1,0,3.0,6.0,1.5,5.5,-130.0
401803123,2026-01-19 22:00:00+00:00,2026,Pittsburgh Penguins,0,1,6.0,3.0,1.5,5.5,-130.0
401803124,2026-01-19 23:00:00+00:00,2026,Florida Panthers,1,0,1.0,4.0,-1.5,6.5,-185.0
401803124,2026-01-19 23:00:00+00:00,2026,San Jose Sharks,0,1,4.0,1.0,-1.5,6.5,-185.0
401803125,2026-01-20 00:30:00+00:00,2026,Toronto Maple Leafs,1,0,3.0,6.0,-1.5,6.5,-110.0
401803125,2026-01-20 00:30:00+00:00,2026,Minnesota Wild,0,1,6.0,3.0,-1.5,6.5,-110.0
401803126,2026-01-20 01:00:00+00:00,2026,Vegas Golden Knights,1,0,1.0,2.0,-1.5,6.5,-230.0
401803126,2026-01-20 01:00:00+00:00,2026,Philadelphia Flyers,0,1,2.0,1.0,-1.5,6.5,-230.0
401803127,2026-01-20 01:30:00+00:00,2026,Chicago Blackhawks,1,1,2.0,0.0,1.5,5.5,-148.0
401803127,2026-01-20 01:30:00+00:00,2026,Winnipeg Jets,0,0,0.0,2.0,1.5,5.5,-148.0
401803128,2026-01-20 02:00:00+00:00,2026,Calgary Flames,1,0,1.0,2.0,1.5,5.5,-125.0
401803128,2026-01-20 02:00:00+00:00,2026,New Jersey Devils,0,1,2.0,1.0,1.5,5.5,-125.0
401803129,2026-01-20 03:00:00+00:00,2026,Vancouver Canucks,1,0,3.0,4.0,1.5,5.5,-155.0
401803129,2026-01-20 03:00:00+00:00,2026,New York Islanders,0,1,4.0,3.0,1.5,5.5,-155.0
401803130,2026-01-20 03:00:00+00:00,2026,Anaheim Ducks,1,1,5.0,3.0,-1.5,6.5,-148.0
401803130,2026-01-20 03:00:00+00:00,2026,New York Rangers,0,0,3.0,5.0,-1.5,6.5,-148.0
401803131,2026-01-21 00:00:00+00:00,2026,Montreal Canadiens,1,1,4.0,3.0,-1.5,6.5,-142.0
401803131,2026-01-21 00:00:00+00:00,2026,Minnesota Wild,0,0,3.0,4.0,-1.5,6.5,-142.0
401803132,2026-01-21 00:00:00+00:00,2026,Tampa Bay Lightning,1,1,4.0,1.0,-1.5,6.5,-310.0
401803132,2026-01-21 00:00:00+00:00,2026,San Jose Sharks,0,0,1.0,4.0,-1.5,6.5,-310.0
401803133,2026-01-21 00:00:00+00:00,2026,Columbus Blue Jackets,1,0,1.0,4.0,1.5,6.5,-115.0
401803133,2026-01-21 00:00:00+00:00,2026,Ottawa Senators,0,1,4.0,1.0,1.5,6.5,-115.0
401803134,2026-01-21 00:30:00+00:00,2026,Dallas Stars,1,1,6.0,2.0,-1.5,5.5,-135.0
401803134,2026-01-21 00:30:00+00:00,2026,Boston Bruins,0,0,2.0,6.0,-1.5,5.5,-135.0
401803135,2026-01-21 01:00:00+00:00,2026,Nashville Predators,1,0,3.0,5.0,-1.5,6.5,-135.0
401803135,2026-01-21 01:00:00+00:00,2026,Buffalo Sabres,0,1,5.0,3.0,-1.5,6.5,-135.0
401803136,2026-01-21 01:00:00+00:00,2026,Winnipeg Jets,1,1,3.0,1.0,-1.5,5.5,-125.0
401803136,2026-01-21 01:00:00+00:00,2026,St. Louis Blues,0,0,1.0,3.0,-1.5,5.5,-125.0
401803137,2026-01-21 03:00:00+00:00,2026,Edmonton Oilers,1,0,1.0,2.0,-1.5,6.5,-175.0
401803137,2026-01-21 03:00:00+00:00,2026,New Jersey Devils,0,1,2.0,1.0,-1.5,6.5,-175.0
401803138,2026-01-21 03:00:00+00:00,2026,Los Angeles Kings,1,1,4.0,3.0,-1.5,5.5,-185.0
401803138,2026-01-21 03:00:00+00:00,2026,New York Rangers,0,0,3.0,4.0,-1.5,5.5,-185.0
401803139,2026-01-22 00:00:00+00:00,2026,Toronto Maple Leafs,1,0,1.0,2.0,-1.5,6.5,-125.0
401803139,2026-01-22 00:00:00+00:00,2026,Detroit Red Wings,0,1,2.0,1.0,-1.5,6.5,-125.0
401803140,2026-01-22 02:00:00+00:00,2026,Colorado Avalanche,1,0,1.0,2.0,-1.5,6.5,-355.0
401803140,2026-01-22 02:00:00+00:00,2026,Anaheim Ducks,0,1,2.0,1.0,-1.5,6.5,-355.0
401803141,2026-01-22 02:00:00+00:00,2026,Utah Mammoth,1,1,5.0,4.0,-1.5,5.5,-180.0
401803141,2026-01-22 02:00:00+00:00,2026,Philadelphia Flyers,0,0,4.0,5.0,-1.5,5.5,-180.0
401803142,2026-01-22 02:30:00+00:00,2026,Calgary Flames,1,0,1.0,4.0,1.5,5.5,-125.0
401803142,2026-01-22 02:30:00+00:00,2026,Pittsburgh Penguins,0,1,4.0,1.0,1.5,5.5,-125.0
401803144,2026-01-22 02:30:00+00:00,2026,Seattle Kraken,1,1,4.0,1.0,1.5,5.5,-112.0
401803144,2026-01-22 02:30:00+00:00,2026,New York Islanders,0,0,1.0,4.0,1.5,5.5,-112.0
401803143,2026-01-22 03:00:00+00:00,2026,Vancouver Canucks,1,1,4.0,3.0,1.5,6.5,-180.0
401803143,2026-01-22 03:00:00+00:00,2026,Washington Capitals,0,0,3.0,4.0,1.5,6.5,-180.0
401803145,2026-01-23 00:00:00+00:00,2026,Boston Bruins,1,1,4.0,3.0,1.5,6.5,-162.0
401803145,2026-01-23 00:00:00+00:00,2026,Vegas Golden Knights,0,0,3.0,4.0,1.5,6.5,-162.0
401803146,2026-01-23 00:00:00+00:00,2026,Montreal Canadiens,1,0,2.0,4.0,-1.5,6.5,-120.0
401803146,2026-01-23 00:00:00+00:00,2026,Buffalo Sabres,0,1,4.0,2.0,-1.5,6.5,-120.0
401803147,2026-01-23 00:00:00+00:00,2026,Carolina Hurricanes,1,0,3.0,4.0,-1.5,6.5,-298.0
401803147,2026-01-23 00:00:00+00:00,2026,Chicago Blackhawks,0,1,4.0,3.0,-1.5,6.5,-298.0
401803148,2026-01-23 00:00:00+00:00,2026,Columbus Blue Jackets,1,1,1.0,0.0,1.5,6.5,-110.0
401803148,2026-01-23 00:00:00+00:00,2026,Dallas Stars,0,0,0.0,1.0,1.5,6.5,-110.0
401803149,2026-01-23 01:00:00+00:00,2026,Nashville Predators,1,1,5.0,3.0,1.5,6.5,-118.0
401803149,2026-01-23 01:00:00+00:00,2026,Ottawa Senators,0,0,3.0,5.0,1.5,6.5,-118.0
401803150,2026-01-23 01:00:00+00:00,2026,Winnipeg Jets,1,0,1.0,2.0,1.5,5.5,-110.0
401803150,2026-01-23 01:00:00+00:00,2026,Florida Panthers,0,1,2.0,1.0,1.5,5.5,-110.0
401803151,2026-01-23 02:00:00+00:00,2026,Edmonton Oilers,1,0,2.0,6.0,-1.5,6.5,-192.0
401803151,2026-01-23 02:00:00+00:00,2026,Pittsburgh Penguins,0,1,6.0,2.0,-1.5,6.5,-192.0
401803152,2026-01-23 02:30:00+00:00,2026,Minnesota Wild,1,1,4.0,3.0,-1.5,6.5,-162.0
401803152,2026-01-23 02:30:00+00:00,2026,Detroit Red Wings,0,0,3.0,4.0,-1.5,6.5,-162.0
401803153,2026-01-24 00:00:00+00:00,2026,Toronto Maple Leafs,1,0,3.0,6.0,1.5,6.5,-122.0
401803153,2026-01-24 00:00:00+00:00,2026,Vegas Golden Knights,0,1,6.0,3.0,1.5,6.5,-122.0
401803154,2026-01-24 00:00:00+00:00,2026,Chicago Blackhawks,1,0,1.0,2.0,1.5,6.5,-310.0
401803154,2026-01-24 00:00:00+00:00,2026,Tampa Bay Lightning,0,1,2.0,1.0,1.5,6.5,-310.0
401803155,2026-01-24 01:00:00+00:00,2026,Dallas Stars,1,1,3.0,2.0,-1.5,5.5,-162.0
401803155,2026-01-24 01:00:00+00:00,2026,St. Louis Blues,0,0,2.0,3.0,-1.5,5.5,-162.0
401803156,2026-01-24 02:00:00+00:00,2026,Colorado Avalanche,1,0,3.0,7.0,-1.5,6.5,-325.0
401803156,2026-01-24 02:00:00+00:00,2026,Philadelphia Flyers,0,1,7.0,3.0,-1.5,6.5,-325.0
401803157,2026-01-24 02:00:00+00:00,2026,Calgary Flames,1,0,1.0,3.0,1.5,5.5,-148.0
401803157,2026-01-24 02:00:00+00:00,2026,Washington Capitals,0,1,3.0,1.0,1.5,5.5,-148.0
401803158,2026-01-24 03:00:00+00:00,2026,Vancouver Canucks,1,0,4.0,5.0,1.5,5.5,-155.0
401803158,2026-01-24 03:00:00+00:00,2026,New Jersey Devils,0,1,5.0,4.0,1.5,5.5,-155.0
401803159,2026-01-24 03:00:00+00:00,2026,San Jose Sharks,1,1,3.0,1.0,-1.5,6.5,-130.0
401803159,2026-01-24 03:00:00+00:00,2026,New York Rangers,0,0,1.0,3.0,-1.5,6.5,-130.0
401803160,2026-01-24 03:00:00+00:00,2026,Seattle Kraken,1,0,2.0,4.0,-1.5,6.5,-122.0
401803160,2026-01-24 03:00:00+00:00,2026,Anaheim Ducks,0,1,4.0,2.0,-1.5,6.5,-122.0
401803161,2026-01-24 18:00:00+00:00,2026,New York Islanders,1,0,0.0,5.0,-1.5,6.5,-110.0
401803161,2026-01-24 18:00:00+00:00,2026,Buffalo Sabres,0,1,5.0,0.0,-1.5,6.5,-110.0
401803162,2026-01-24 18:30:00+00:00,2026,Nashville Predators,1,0,2.0,5.0,1.5,6.5,-115.0
401803162,2026-01-24 18:30:00+00:00,2026,Utah Mammoth,0,1,5.0,2.0,1.5,6.5,-115.0
401803163,2026-01-25 00:00:00+00:00,2026,Boston Bruins,1,1,4.0,3.0,-1.5,6.5,-115.0
401803163,2026-01-25 00:00:00+00:00,2026,Montreal Canadiens,0,0,3.0,4.0,-1.5,6.5,-115.0
401803164,2026-01-25 00:00:00+00:00,2026,Ottawa Senators,1,0,1.0,4.0,1.5,6.5,-135.0
401803164,2026-01-25 00:00:00+00:00,2026,Carolina Hurricanes,0,1,4.0,1.0,1.5,6.5,-135.0
401803165,2026-01-25 00:00:00+00:00,2026,Columbus Blue Jackets,1,1,8.0,5.0,1.5,6.5,-115.0
401803165,2026-01-25 00:00:00+00:00,2026,Tampa Bay Lightning,0,0,5.0,8.0,1.5,6.5,-115.0
401803166,2026-01-25 00:00:00+00:00,2026,Winnipeg Jets,1,0,1.0,5.0,-1.5,5.5,-125.0
401803166,2026-01-25 00:00:00+00:00,2026,Detroit Red Wings,0,1,5.0,1.0,-1.5,5.5,-125.0
401803167,2026-01-25 01:00:00+00:00,2026,St. Louis Blues,1,0,4.0,5.0,1.5,5.5,-148.0
401803167,2026-01-25 01:00:00+00:00,2026,Los Angeles Kings,0,1,5.0,4.0,1.5,5.5,-148.0
401803168,2026-01-25 02:00:00+00:00,2026,Minnesota Wild,1,0,3.0,4.0,-1.5,6.5,-130.0
401803168,2026-01-25 02:00:00+00:00,2026,Florida Panthers,0,1,4.0,3.0,-1.5,6.5,-130.0
401803169,2026-01-25 03:00:00+00:00,2026,Edmonton Oilers,1,1,6.0,5.0,-1.5,6.5,-175.0
401803169,2026-01-25 03:00:00+00:00,2026,Washington Capitals,0,0,5.0,6.0,-1.5,6.5,-175.0
401803170,2026-01-25 18:30:00+00:00,2026,Toronto Maple Leafs,1,0,1.0,4.0,1.5,6.5,-175.0
401803170,2026-01-25 18:30:00+00:00,2026,Colorado Avalanche,0,1,4.0,1.0,1.5,6.5,-175.0
401803171,2026-01-25 20:00:00+00:00,2026,Seattle Kraken,1,1,4.0,2.0,1.5,5.5,-125.0
401803171,2026-01-25 20:00:00+00:00,2026,New Jersey Devils,0,0,2.0,4.0,1.5,5.5,-125.0
401803172,2026-01-25 22:00:00+00:00,2026,Ottawa Senators,1,1,7.0,1.0,1.5,6.5,-148.0
401803172,2026-01-25 22:00:00+00:00,2026,Vegas Golden Knights,0,0,1.0,7.0,1.5,6.5,-148.0
401803173,2026-01-25 23:00:00+00:00,2026,Vancouver Canucks,1,0,2.0,3.0,1.5,6.5,-148.0
401803173,2026-01-25 23:00:00+00:00,2026,Pittsburgh Penguins,0,1,3.0,2.0,1.5,6.5,-148.0
401803174,2026-01-26 00:00:00+00:00,2026,Chicago Blackhawks,1,0,1.0,5.0,1.5,5.5,-135.0
401803174,2026-01-26 00:00:00+00:00,2026,Florida Panthers,0,1,5.0,1.0,1.5,5.5,-135.0
401803175,2026-01-26 01:00:00+00:00,2026,Calgary Flames,1,0,3.0,4.0,-1.5,5.5,-108.0
401803175,2026-01-26 01:00:00+00:00,2026,Anaheim Ducks,0,1,4.0,3.0,-1.5,5.5,-108.0
401803176,2026-01-27 00:00:00+00:00,2026,Tampa Bay Lightning,1,1,2.0,0.0,-1.5,5.5,-155.0
401803176,2026-01-27 00:00:00+00:00,2026,Utah Mammoth,0,0,0.0,2.0,-1.5,5.5,-155.0
401803177,2026-01-27 00:00:00+00:00,2026,New York Rangers,1,1,4.0,3.0,1.5,6.5,-122.0
401803177,2026-01-27 00:00:00+00:00,2026,Boston Bruins,0,0,3.0,4.0,1.5,6.5,-122.0
401803178,2026-01-27 00:00:00+00:00,2026,Philadelphia Flyers,1,0,0.0,4.0,-1.5,5.5,-115.0
401803178,2026-01-27 00:00:00+00:00,2026,New York Islanders,0,1,4.0,0.0,-1.5,5.5,-115.0
401803179,2026-01-27 00:00:00+00:00,2026,Columbus Blue Jackets,1,0,0.0,0.0,-1.5,6.5,-118.0
401803179,2026-01-27 00:00:00+00:00,2026,Los Angeles Kings,0,0,0.0,0.0,-1.5,6.5,-118.0
401803180,2026-01-27 01:30:00+00:00,2026,Edmonton Oilers,1,1,7.0,4.0,-1.5,6.5,-270.0
401803180,2026-01-27 01:30:00+00:00,2026,Anaheim Ducks,0,0,4.0,7.0,-1.5,6.5,-270.0
401803181,2026-01-28 00:00:00+00:00,2026,Boston Bruins,1,1,3.0,2.0,-1.5,6.5,-115.0
401803181,2026-01-28 00:00:00+00:00,2026,Nashville Predators,0,0,2.0,3.0,-1.5,6.5,-115.0
401803182,2026-01-28 00:00:00+00:00,2026,Toronto Maple Leafs,1,0,4.0,7.0,-1.5,6.5,-118.0
401803182,2026-01-28 00:00:00+00:00,2026,Buffalo Sabres,0,1,7.0,4.0,-1.5,6.5,-118.0
401803183,2026-01-28 00:00:00+00:00,2026,Montreal Canadiens,1,1,3.0,2.0,1.5,6.5,-120.0
401803183,2026-01-28 00:00:00+00:00,2026,Vegas Golden Knights,0,0,2.0,3.0,1.5,6.5,-120.0
401803184,2026-01-28 00:00:00+00:00,2026,Detroit Red Wings,1,0,1.0,3.0,-1.5,5.5,-125.0
401803184,2026-01-28 00:00:00+00:00,2026,Los Angeles Kings,0,1,3.0,1.0,-1.5,5.5,-125.0
401803185,2026-01-28 00:00:00+00:00,2026,Florida Panthers,1,0,3.0,4.0,-1.5,6.5,-166.0
401803185,2026-01-28 00:00:00+00:00,2026,Utah Mammoth,0,1,4.0,3.0,-1.5,6.5,-166.0
401803186,2026-01-28 00:00:00+00:00,2026,New Jersey Devils,1,0,3.0,4.0,-1.5,5.5,-130.0
401803186,2026-01-28 00:00:00+00:00,2026,Winnipeg Jets,0,1,4.0,3.0,-1.5,5.5,-130.0
401803187,2026-01-28 01:00:00+00:00,2026,St. Louis Blues,1,0,3.0,4.0,1.5,5.5,-162.0
401803187,2026-01-28 01:00:00+00:00,2026,Dallas Stars,0,1,4.0,3.0,1.5,5.5,-162.0
401803188,2026-01-28 01:00:00+00:00,2026,Minnesota Wild,1,1,4.0,3.0,-1.5,6.5,-198.0
401803188,2026-01-28 01:00:00+00:00,2026,Chicago Blackhawks,0,0,3.0,4.0,-1.5,6.5,-198.0
401803189,2026-01-28 03:00:00+00:00,2026,Vancouver Canucks,1,0,2.0,5.0,1.5,6.5,-135.0
401803189,2026-01-28 03:00:00+00:00,2026,San Jose Sharks,0,1,5.0,2.0,1.5,6.5,-135.0
401803190,2026-01-28 03:00:00+00:00,2026,Seattle Kraken,1,1,5.0,1.0,1.5,6.5,-118.0
401803190,2026-01-28 03:00:00+00:00,2026,Washington Capitals,0,0,1.0,5.0,1.5,6.5,-118.0
401803193,2026-01-29 00:00:00+00:00,2026,New York Islanders,1,1,5.0,2.0,-1.5,6.5,-148.0
401803193,2026-01-29 00:00:00+00:00,2026,New York Rangers,0,0,2.0,5.0,-1.5,6.5,-148.0
401803191,2026-01-29 00:30:00+00:00,2026,Columbus Blue Jackets,1,1,5.0,3.0,-1.5,6.5,-115.0
401803191,2026-01-29 00:30:00+00:00,2026,Philadelphia Flyers,0,0,3.0,5.0,-1.5,6.5,-115.0
401803192,2026-01-29 00:30:00+00:00,2026,Ottawa Senators,1,1,5.0,2.0,1.5,6.5,-155.0
401803192,2026-01-29 00:30:00+00:00,2026,Colorado Avalanche,0,0,2.0,5.0,1.5,6.5,-155.0
401803194,2026-01-30 00:00:00+00:00,2026,Boston Bruins,1,1,6.0,3.0,-1.5,6.5,-162.0
401803194,2026-01-30 00:00:00+00:00,2026,Philadelphia Flyers,0,0,3.0,6.0,-1.5,6.5,-162.0
401803195,2026-01-30 00:00:00+00:00,2026,Buffalo Sabres,1,1,4.0,1.0,-1.5,5.5,-125.0
401803195,2026-01-30 00:00:00+00:00,2026,Los Angeles Kings,0,0,1.0,4.0,-1.5,5.5,-125.0
401803196,2026-01-30 00:00:00+00:00,2026,Montreal Canadiens,1,1,7.0,3.0,1.5,6.5,-130.0
401803196,2026-01-30 00:00:00+00:00,2026,Colorado Avalanche,0,0,3.0,7.0,1.5,6.5,-130.0
401803198,2026-01-30 00:00:00+00:00,2026,Tampa Bay Lightning,1,1,4.0,1.0,-1.5,5.5,-185.0
401803198,2026-01-30 00:00:00+00:00,2026,Winnipeg Jets,0,0,1.0,4.0,-1.5,5.5,-185.0
401803199,2026-01-30 00:00:00+00:00,2026,New Jersey Devils,1,1,3.0,2.0,-1.5,5.5,-125.0
401803199,2026-01-30 00:00:00+00:00,2026,Nashville Predators,0,0,2.0,3.0,-1.5,5.5,-125.0
401803200,2026-01-30 00:00:00+00:00,2026,New York Rangers,1,0,1.0,2.0,1.5,5.5,-142.0
401803200,2026-01-30 00:00:00+00:00,2026,New York Islanders,0,1,2.0,1.0,1.5,5.5,-142.0
401803201,2026-01-30 00:00:00+00:00,2026,Pittsburgh Penguins,1,1,6.0,2.0,-1.5,6.5,-185.0
401803201,2026-01-30 00:00:00+00:00,2026,Chicago Blackhawks,0,0,2.0,6.0,-1.5,6.5,-185.0
401803202,2026-01-30 00:00:00+00:00,2026,Carolina Hurricanes,1,1,5.0,4.0,-1.5,6.5,-192.0
401803202,2026-01-30 00:00:00+00:00,2026,Utah Mammoth,0,0,4.0,5.0,-1.5,6.5,-192.0
401803197,2026-01-30 00:30:00+00:00,2026,Detroit Red Wings,1,0,3.0,4.0,-1.5,6.5,-130.0
401803197,2026-01-30 00:30:00+00:00,2026,Washington Capitals,0,1,4.0,3.0,-1.5,6.5,-130.0
401803203,2026-01-30 01:00:00+00:00,2026,St. Louis Blues,1,1,5.0,4.0,1.5,5.5,-155.0
401803203,2026-01-30 01:00:00+00:00,2026,Florida Panthers,0,0,4.0,5.0,1.5,5.5,-155.0
401803204,2026-01-30 01:00:00+00:00,2026,Minnesota Wild,1,1,4.0,1.0,-1.5,5.5,-185.0
401803204,2026-01-30 01:00:00+00:00,2026,Calgary Flames,0,0,1.0,4.0,-1.5,5.5,-185.0
401803205,2026-01-30 02:00:00+00:00,2026,Edmonton Oilers,1,1,4.0,3.0,-1.5,6.5,-192.0
401803205,2026-01-30 02:00:00+00:00,2026,San Jose Sharks,0,0,3.0,4.0,-1.5,6.5,-192.0
401803206,2026-01-30 03:00:00+00:00,2026,Vancouver Canucks,1,1,2.0,0.0,1.5,6.5,-155.0
401803206,2026-01-30 03:00:00+00:00,2026,Anaheim Ducks,0,0,0.0,2.0,1.5,6.5,-155.0
401803207,2026-01-30 03:00:00+00:00,2026,Vegas Golden Knights,1,0,4.0,5.0,-1.5,5.5,-120.0
401803207,2026-01-30 03:00:00+00:00,2026,Dallas Stars,0,1,5.0,4.0,-1.5,5.5,-120.0
401803208,2026-01-30 03:00:00+00:00,2026,Seattle Kraken,1,1,5.0,2.0,1.5,6.5,-118.0
401803208,2026-01-30 03:00:00+00:00,2026,Toronto Maple Leafs,0,0,2.0,5.0,1.5,6.5,-118.0
401803209,2026-01-31 01:30:00+00:00,2026,Chicago Blackhawks,1,0,2.0,4.0,1.5,6.5,-162.0
401803209,2026-01-31 01:30:00+00:00,2026,Columbus Blue Jackets,0,1,4.0,2.0,1.5,6.5,-162.0
401803210,2026-01-31 17:30:00+00:00,2026,Philadelphia Flyers,1,0,2.0,3.0,1.5,5.5,-112.0
401803210,2026-01-31 17:30:00+00:00,2026,Los Angeles Kings,0,1,3.0,2.0,1.5,5.5,-112.0
401803211,2026-01-31 18:00:00+00:00,2026,Detroit Red Wings,1,0,0.0,5.0,1.5,6.5,-130.0
401803211,2026-01-31 18:00:00+00:00,2026,Colorado Avalanche,0,1,5.0,0.0,1.5,6.5,-130.0
401803212,2026-01-31 20:30:00+00:00,2026,Pittsburgh Penguins,1,1,6.0,5.0,-1.5,6.5,-205.0
401803212,2026-01-31 20:30:00+00:00,2026,New York Rangers,0,0,5.0,6.0,-1.5,6.5,-205.0
401803213,2026-01-31 21:00:00+00:00,2026,Florida Panthers,1,0,1.0,2.0,-1.5,5.5,-148.0
401803213,2026-01-31 21:00:00+00:00,2026,Winnipeg Jets,0,1,2.0,1.0,-1.5,5.5,-148.0
401803214,2026-01-31 21:00:00+00:00,2026,Calgary Flames,1,1,3.0,2.0,-1.5,6.5,-108.0
401803214,2026-01-31 21:00:00+00:00,2026,San Jose Sharks,0,0,2.0,3.0,-1.5,6.5,-108.0
401803215,2026-01-31 22:00:00+00:00,2026,Washington Capitals,1,1,4.0,3.0,1.5,6.5,-192.0
401803215,2026-01-31 22:00:00+00:00,2026,Carolina Hurricanes,0,0,3.0,4.0,1.5,6.5,-192.0
401803216,2026-02-01 00:00:00+00:00,2026,Buffalo Sabres,1,0,2.0,4.0,-1.5,6.5,-125.0
401803216,2026-02-01 00:00:00+00:00,2026,Montreal Canadiens,0,1,4.0,2.0,-1.5,6.5,-125.0
401803217,2026-02-01 00:00:00+00:00,2026,Ottawa Senators,1,1,4.0,1.0,-1.5,5.5,-162.0
401803217,2026-02-01 00:00:00+00:00,2026,New Jersey Devils,0,0,1.0,4.0,-1.5,5.5,-162.0
401803218,2026-02-01 00:00:00+00:00,2026,New York Islanders,1,0,3.0,4.0,-1.5,5.5,-125.0
401803218,2026-02-01 00:00:00+00:00,2026,Nashville Predators,0,1,4.0,3.0,-1.5,5.5,-125.0
401803219,2026-02-01 00:00:00+00:00,2026,St. Louis Blues,1,0,3.0,5.0,-1.5,6.5,-102.0
401803219,2026-02-01 00:00:00+00:00,2026,Columbus Blue Jackets,0,1,5.0,3.0,-1.5,6.5,-102.0
401803220,2026-02-01 00:00:00+00:00,2026,Vancouver Canucks,1,0,2.0,3.0,1.5,6.5,-162.0
401803220,2026-02-01 00:00:00+00:00,2026,Toronto Maple Leafs,0,1,3.0,2.0,1.5,6.5,-162.0
401803221,2026-02-01 02:00:00+00:00,2026,Utah Mammoth,1,0,2.0,3.0,-1.5,5.5,-120.0
401803221,2026-02-01 02:00:00+00:00,2026,Dallas Stars,0,1,3.0,2.0,-1.5,5.5,-120.0
401803222,2026-02-01 03:00:00+00:00,2026,Edmonton Oilers,1,0,3.0,7.0,-1.5,6.5,-130.0
401803222,2026-02-01 03:00:00+00:00,2026,Minnesota Wild,0,1,7.0,3.0,-1.5,6.5,-130.0
401803223,2026-02-01 03:00:00+00:00,2026,Vegas Golden Knights,1,0,2.0,3.0,-1.5,6.5,-192.0
401803223,2026-02-01 03:00:00+00:00,2026,Seattle Kraken,0,1,3.0,2.0,-1.5,6.5,-192.0
401803225,2026-02-01 20:00:00+00:00,2026,Carolina Hurricanes,1,1,3.0,2.0,-1.5,5.5,-180.0
401803225,2026-02-01 20:00:00+00:00,2026,Los Angeles Kings,0,0,2.0,3.0,-1.5,5.5,-180.0
401803224,2026-02-01 23:30:00+00:00,2026,Tampa Bay Lightning,1,1,6.0,5.0,-1.5,5.5,-218.0
401803224,2026-02-01 23:30:00+00:00,2026,Boston Bruins,0,0,5.0,6.0,-1.5,5.5,-218.0
401803226,2026-02-02 02:30:00+00:00,2026,Anaheim Ducks,1,1,4.0,3.0,-1.5,6.5,-118.0
401803226,2026-02-02 02:30:00+00:00,2026,Vegas Golden Knights,0,0,3.0,4.0,-1.5,6.5,-118.0
401803227,2026-02-03 00:00:00+00:00,2026,Florida Panthers,1,0,3.0,5.0,-1.5,6.5,-115.0
401803227,2026-02-03 00:00:00+00:00,2026,Buffalo Sabres,0,1,5.0,3.0,-1.5,6.5,-115.0
401803228,2026-02-03 00:00:00+00:00,2026,Pittsburgh Penguins,1,0,2.0,3.0,1.5,6.5,-130.0
401803228,2026-02-03 00:00:00+00:00,2026,Ottawa Senators,0,1,3.0,2.0,1.5,6.5,-130.0
401803229,2026-02-03 00:00:00+00:00,2026,Washington Capitals,1,1,4.0,1.0,-1.5,6.5,-130.0
401803229,2026-02-03 00:00:00+00:00,2026,New York Islanders,0,0,1.0,4.0,-1.5,6.5,-130.0
401803230,2026-02-03 00:30:00+00:00,2026,Minnesota Wild,1,1,4.0,3.0,-1.5,6.5,-130.0
401803230,2026-02-03 00:30:00+00:00,2026,Montreal Canadiens,0,0,3.0,4.0,-1.5,6.5,-130.0
401803231,2026-02-03 01:00:00+00:00,2026,Nashville Predators,1,1,6.0,5.0,-1.5,5.5,-142.0
401803231,2026-02-03 01:00:00+00:00,2026,St. Louis Blues,0,0,5.0,6.0,-1.5,5.5,-142.0
401803232,2026-02-03 01:30:00+00:00,2026,Chicago Blackhawks,1,1,6.0,3.0,1.5,6.5,-115.0
401803232,2026-02-03 01:30:00+00:00,2026,San Jose Sharks,0,0,3.0,6.0,1.5,6.5,-115.0
401803233,2026-02-03 01:30:00+00:00,2026,Dallas Stars,1,1,4.0,3.0,-1.5,5.5,-148.0
401803233,2026-02-03 01:30:00+00:00,2026,Winnipeg Jets,0,0,3.0,4.0,-1.5,5.5,-148.0
401803234,2026-02-03 02:00:00+00:00,2026,Colorado Avalanche,1,0,0.0,2.0,-1.5,6.5,-192.0
401803234,2026-02-03 02:00:00+00:00,2026,Detroit Red Wings,0,1,2.0,0.0,-1.5,6.5,-192.0
401803235,2026-02-03 02:30:00+00:00,2026,Utah Mammoth,1,1,6.0,2.0,-1.5,6.5,-290.0
401803235,2026-02-03 02:30:00+00:00,2026,Vancouver Canucks,0,0,2.0,6.0,-1.5,6.5,-290.0
401803236,2026-02-03 03:00:00+00:00,2026,Calgary Flames,1,0,2.0,4.0,1.5,6.5,-122.0
401803236,2026-02-03 03:00:00+00:00,2026,Toronto Maple Leafs,0,1,4.0,2.0,1.5,6.5,-122.0
401803238,2026-02-04 00:00:00+00:00,2026,New Jersey Devils,1,0,0.0,3.0,-1.5,5.5,-108.0
401803238,2026-02-04 00:00:00+00:00,2026,Columbus Blue Jackets,0,1,3.0,0.0,-1.5,5.5,-108.0
401803240,2026-02-04 00:00:00+00:00,2026,Philadelphia Flyers,1,1,4.0,2.0,-1.5,6.5,-142.0
401803240,2026-02-04 00:00:00+00:00,2026,Washington Capitals,0,0,2.0,4.0,-1.5,6.5,-142.0
401803241,2026-02-04 00:00:00+00:00,2026,Carolina Hurricanes,1,1,4.0,3.0,-1.5,6.5,-180.0
401803241,2026-02-04 00:00:00+00:00,2026,Ottawa Senators,0,0,3.0,4.0,-1.5,6.5,-180.0
401803237,2026-02-04 00:30:00+00:00,2026,Tampa Bay Lightning,1,1,4.0,3.0,-1.5,6.5,-205.0
401803237,2026-02-04 00:30:00+00:00,2026,Buffalo Sabres,0,0,3.0,4.0,-1.5,6.5,-205.0
401803239,2026-02-04 00:30:00+00:00,2026,New York Islanders,1,1,5.0,4.0,1.5,5.5,-120.0
401803239,2026-02-04 00:30:00+00:00,2026,Pittsburgh Penguins,0,0,4.0,5.0,1.5,5.5,-120.0
401803242,2026-02-04 01:30:00+00:00,2026,Edmonton Oilers,1,0,2.0,5.0,-1.5,6.5,-192.0
401803242,2026-02-04 01:30:00+00:00,2026,Toronto Maple Leafs,0,1,5.0,2.0,-1.5,6.5,-192.0
401803243,2026-02-04 03:00:00+00:00,2026,Anaheim Ducks,1,1,4.0,2.0,-1.5,6.5,-142.0
401803243,2026-02-04 03:00:00+00:00,2026,Seattle Kraken,0,0,2.0,4.0,-1.5,6.5,-142.0
401803244,2026-02-05 00:00:00+00:00,2026,Florida Panthers,1,1,5.0,4.0,-1.5,6.5,-162.0
401803244,2026-02-05 00:00:00+00:00,2026,Boston Bruins,0,0,4.0,5.0,-1.5,6.5,-162.0
401803245,2026-02-05 00:00:00+00:00,2026,Columbus Blue Jackets,1,1,4.0,0.0,-1.5,5.5,-155.0
401803245,2026-02-05 00:00:00+00:00,2026,Chicago Blackhawks,0,0,0.0,4.0,-1.5,5.5,-155.0
401803246,2026-02-05 00:00:00+00:00,2026,Winnipeg Jets,1,0,1.0,5.0,-1.5,6.5,-130.0
401803246,2026-02-05 00:00:00+00:00,2026,Montreal Canadiens,0,1,5.0,1.0,-1.5,6.5,-130.0
401803247,2026-02-05 01:00:00+00:00,2026,Nashville Predators,1,0,5.0,6.0,1.5,6.5,-125.0
401803247,2026-02-05 01:00:00+00:00,2026,Minnesota Wild,0,1,6.0,5.0,1.5,6.5,-125.0
401803248,2026-02-05 02:00:00+00:00,2026,Colorado Avalanche,1,1,4.0,2.0,-1.5,6.5,-298.0
401803248,2026-02-05 02:00:00+00:00,2026,San Jose Sharks,0,0,2.0,4.0,-1.5,6.5,-298.0
401803249,2026-02-05 02:00:00+00:00,2026,Utah Mammoth,1,1,4.0,1.0,-1.5,5.5,-135.0
401803249,2026-02-05 02:00:00+00:00,2026,Detroit Red Wings,0,0,1.0,4.0,-1.5,5.5,-135.0
401803250,2026-02-05 02:30:00+00:00,2026,Dallas Stars,1,1,5.0,4.0,-1.5,5.5,-218.0
401803250,2026-02-05 02:30:00+00:00,2026,St. Louis Blues,0,0,4.0,5.0,-1.5,5.5,-218.0
401803251,2026-02-05 03:00:00+00:00,2026,Calgary Flames,1,1,4.0,3.0,1.5,6.5,-148.0
401803251,2026-02-05 03:00:00+00:00,2026,Edmonton Oilers,0,0,3.0,4.0,1.5,6.5,-148.0
401803252,2026-02-05 03:00:00+00:00,2026,Vegas Golden Knights,1,1,5.0,2.0,-1.5,6.5,-310.0
401803252,2026-02-05 03:00:00+00:00,2026,Vancouver Canucks,0,0,2.0,5.0,-1.5,6.5,-310.0
401803253,2026-02-05 03:00:00+00:00,2026,Los Angeles Kings,1,0,2.0,4.0,-1.5,5.5,-175.0
401803253,2026-02-05 03:00:00+00:00,2026,Seattle Kraken,0,1,4.0,2.0,-1.5,5.5,-175.0
401803254,2026-02-06 00:00:00+00:00,2026,Buffalo Sabres,1,0,2.0,5.0,-1.5,6.5,-125.0
401803254,2026-02-06 00:00:00+00:00,2026,Pittsburgh Penguins,0,1,5.0,2.0,-1.5,6.5,-125.0
401803256,2026-02-06 00:00:00+00:00,2026,New Jersey Devils,1,0,1.0,3.0,-1.5,5.5,-115.0
401803256,2026-02-06 00:00:00+00:00,2026,New York Islanders,0,1,3.0,1.0,-1.5,5.5,-115.0
401803257,2026-02-06 00:00:00+00:00,2026,New York Rangers,1,0,0.0,2.0,1.5,6.5,-225.0
401803257,2026-02-06 00:00:00+00:00,2026,Carolina Hurricanes,0,1,2.0,0.0,1.5,6.5,-225.0
401803258,2026-02-06 00:00:00+00:00,2026,Philadelphia Flyers,1,0,1.0,2.0,1.5,6.5,-130.0
401803258,2026-02-06 00:00:00+00:00,2026,Ottawa Senators,0,1,2.0,1.0,1.5,6.5,-130.0
401803259,2026-02-06 00:00:00+00:00,2026,Washington Capitals,1,1,4.0,2.0,-1.5,6.5,-175.0
401803259,2026-02-06 00:00:00+00:00,2026,Nashville Predators,0,0,2.0,4.0,-1.5,6.5,-175.0
401803255,2026-02-06 00:30:00+00:00,2026,Tampa Bay Lightning,1,1,6.0,1.0,-1.5,5.5,-218.0
401803255,2026-02-06 00:30:00+00:00,2026,Florida Panthers,0,0,1.0,6.0,-1.5,5.5,-218.0
401803260,2026-02-06 03:00:00+00:00,2026,Vegas Golden Knights,1,1,4.0,1.0,-1.5,5.5,-142.0
401803260,2026-02-06 03:00:00+00:00,2026,Los Angeles Kings,0,0,1.0,4.0,-1.5,5.5,-142.0
401803261,2026-02-26 00:00:00+00:00,2026,New Jersey Devils,1,0,1.0,2.0,-1.5,6.5,-112.0
401803261,2026-02-26 00:00:00+00:00,2026,Buffalo Sabres,0,1,2.0,1.0,-1.5,6.5,-112.0
401803262,2026-02-26 00:00:00+00:00,2026,Washington Capitals,1,1,3.0,1.0,-1.5,5.5,-142.0
401803262,2026-02-26 00:00:00+00:00,2026,Philadelphia Flyers,0,0,1.0,3.0,-1.5,5.5,-142.0
401803263,2026-02-26 00:30:00+00:00,2026,Tampa Bay Lightning,1,1,4.0,2.0,-1.5,6.5,-225.0
401803263,2026-02-26 00:30:00+00:00,2026,Toronto Maple Leafs,0,0,2.0,4.0,-1.5,6.5,-225.0
401803264,2026-02-26 01:00:00+00:00,2026,Dallas Stars,1,1,4.0,1.0,-1.5,5.5,-170.0
401803264,2026-02-26 01:00:00+00:00,2026,Seattle Kraken,0,0,1.0,4.0,-1.5,5.5,-170.0
401803265,2026-02-26 02:00:00+00:00,2026,Utah Mammoth,1,0,2.0,4.0,1.5,5.5,-120.0
401803265,2026-02-26 02:00:00+00:00,2026,Colorado Avalanche,0,1,4.0,2.0,1.5,5.5,-120.0
401803266,2026-02-26 03:00:00+00:00,2026,Vancouver Canucks,1,0,2.0,3.0,1.5,6.5,-130.0
401803266,2026-02-26 03:00:00+00:00,2026,Winnipeg Jets,0,1,3.0,2.0,1.5,6.5,-130.0
401803267,2026-02-26 03:20:00+00:00,2026,Los Angeles Kings,1,0,4.0,6.0,-1.5,5.5,-180.0
401803267,2026-02-26 03:20:00+00:00,2026,Vegas Golden Knights,0,1,6.0,4.0,-1.5,5.5,-180.0
401803268,2026-02-26 03:30:00+00:00,2026,Anaheim Ducks,1,1,6.0,5.0,1.5,6.5,-130.0
401803268,2026-02-26 03:30:00+00:00,2026,Edmonton Oilers,0,0,5.0,6.0,1.5,6.5,-130.0
401803269,2026-02-27 00:00:00+00:00,2026,Boston Bruins,1,1,4.0,2.0,-1.5,6.5,-115.0
401803269,2026-02-27 00:00:00+00:00,2026,Columbus Blue Jackets,0,0,2.0,4.0,-1.5,6.5,-115.0
401803270,2026-02-27 00:00:00+00:00,2026,Montreal Canadiens,1,0,3.0,4.0,-1.5,5.5,-155.0
401803270,2026-02-27 00:00:00+00:00,2026,New York Islanders,0,1,4.0,3.0,-1.5,5.5,-155.0
401803271,2026-02-27 00:00:00+00:00,2026,Ottawa Senators,1,0,1.0,2.0,-1.5,5.5,-155.0
401803271,2026-02-27 00:00:00+00:00,2026,Detroit Red Wings,0,1,2.0,1.0,-1.5,5.5,-155.0
401803272,2026-02-27 00:00:00+00:00,2026,Florida Panthers,1,1,5.0,1.0,-1.5,6.5,-162.0
401803272,2026-02-27 00:00:00+00:00,2026,Toronto Maple Leafs,0,0,1.0,5.0,-1.5,6.5,-162.0
401803273,2026-02-27 00:00:00+00:00,2026,Pittsburgh Penguins,1,1,4.0,1.0,-1.5,5.5,-162.0
401803273,2026-02-27 00:00:00+00:00,2026,New Jersey Devils,0,0,1.0,4.0,-1.5,5.5,-162.0
401803274,2026-02-27 00:00:00+00:00,2026,Carolina Hurricanes,1,1,5.0,4.0,-1.5,6.5,-148.0
401803274,2026-02-27 00:00:00+00:00,2026,Tampa Bay Lightning,0,0,4.0,5.0,-1.5,6.5,-148.0
401803275,2026-02-27 01:00:00+00:00,2026,New York Rangers,1,0,2.0,3.0,-1.5,5.5,-148.0
401803275,2026-02-27 01:00:00+00:00,2026,Philadelphia Flyers,0,1,3.0,2.0,-1.5,5.5,-148.0
401803276,2026-02-27 01:00:00+00:00,2026,St. Louis Blues,1,1,5.0,1.0,-1.5,5.5,-142.0
401803276,2026-02-27 01:00:00+00:00,2026,Seattle Kraken,0,0,1.0,5.0,-1.5,5.5,-142.0
401803277,2026-02-27 01:00:00+00:00,2026,Nashville Predators,1,1,4.0,2.0,-1.5,6.5,-175.0
401803277,2026-02-27 01:00:00+00:00,2026,Chicago Blackhawks,0,0,2.0,4.0,-1.5,6.5,-175.0
401803278,2026-02-27 02:00:00+00:00,2026,Colorado Avalanche,1,0,2.0,5.0,-1.5,6.5,-155.0
401803278,2026-02-27 02:00:00+00:00,2026,Minnesota Wild,0,1,5.0,2.0,-1.5,6.5,-155.0
401803279,2026-02-27 03:00:00+00:00,2026,San Jose Sharks,1,0,1.0,4.0,-1.5,6.5,-130.0
401803279,2026-02-27 03:00:00+00:00,2026,Calgary Flames,0,1,4.0,1.0,-1.5,6.5,-130.0
401803280,2026-02-27 03:30:00+00:00,2026,Los Angeles Kings,1,0,1.0,8.0,1.5,6.5,-120.0
401803280,2026-02-27 03:30:00+00:00,2026,Edmonton Oilers,0,1,8.0,1.0,1.5,6.5,-120.0
401803281,2026-02-28 00:00:00+00:00,2026,Florida Panthers,1,0,2.0,3.0,-1.5,6.5,-115.0
401803281,2026-02-28 00:00:00+00:00,2026,Buffalo Sabres,0,1,3.0,2.0,-1.5,6.5,-115.0
401803282,2026-02-28 00:00:00+00:00,2026,Washington Capitals,1,1,3.0,2.0,-1.5,5.5,-115.0
401803282,2026-02-28 00:00:00+00:00,2026,Vegas Golden Knights,0,0,2.0,3.0,-1.5,5.5,-115.0
401803283,2026-02-28 02:00:00+00:00,2026,Utah Mammoth,1,1,5.0,2.0,-1.5,6.5,-142.0
401803283,2026-02-28 02:00:00+00:00,2026,Minnesota Wild,0,0,2.0,5.0,-1.5,6.5,-142.0
401803284,2026-02-28 03:00:00+00:00,2026,Anaheim Ducks,1,1,5.0,4.0,-1.5,5.5,-135.0
401803284,2026-02-28 03:00:00+00:00,2026,Winnipeg Jets,0,0,4.0,5.0,-1.5,5.5,-135.0
401803285,2026-02-28 17:30:00+00:00,2026,New York Rangers,1,1,3.0,2.0,1.5,5.5,-125.0
401803285,2026-02-28 17:30:00+00:00,2026,Pittsburgh Penguins,0,0,2.0,3.0,1.5,5.5,-125.0
401803286,2026-02-28 20:20:00+00:00,2026,Philadelphia Flyers,1,1,3.0,1.0,-1.5,6.5,-115.0
401803286,2026-02-28 20:20:00+00:00,2026,Boston Bruins,0,0,1.0,3.0,-1.5,6.5,-115.0
401803287,2026-02-28 21:00:00+00:00,2026,San Jose Sharks,1,1,5.0,4.0,1.5,6.5,-162.0
401803287,2026-02-28 21:00:00+00:00,2026,Edmonton Oilers,0,0,4.0,5.0,1.5,6.5,-162.0
401803294,2026-02-28 22:00:00+00:00,2026,St. Louis Blues,1,0,1.0,3.0,1.5,5.5,-118.0
401803294,2026-02-28 22:00:00+00:00,2026,New Jersey Devils,0,1,3.0,1.0,1.5,5.5,-118.0
401803288,2026-02-28 23:00:00+00:00,2026,Columbus Blue Jackets,1,0,3.0,4.0,-1.5,5.5,-142.0
401803288,2026-02-28 23:00:00+00:00,2026,New York Islanders,0,1,4.0,3.0,-1.5,5.5,-142.0
401803289,2026-02-28 23:00:00+00:00,2026,Colorado Avalanche,1,1,3.0,1.0,-1.5,6.5,-360.0
401803289,2026-02-28 23:00:00+00:00,2026,Chicago Blackhawks,0,0,1.0,3.0,-1.5,6.5,-360.0
401803290,2026-03-01 00:00:00+00:00,2026,Toronto Maple Leafs,1,0,2.0,5.0,1.5,6.5,-135.0
401803290,2026-03-01 00:00:00+00:00,2026,Ottawa Senators,0,1,5.0,2.0,1.5,6.5,-135.0
401803291,2026-03-01 00:00:00+00:00,2026,Montreal Canadiens,1,1,6.0,2.0,-1.5,6.5,-162.0
401803291,2026-03-01 00:00:00+00:00,2026,Washington Capitals,0,0,2.0,6.0,-1.5,6.5,-162.0
401803292,2026-03-01 00:00:00+00:00,2026,Tampa Bay Lightning,1,0,2.0,6.0,-1.5,6.5,-245.0
401803292,2026-03-01 00:00:00+00:00,2026,Buffalo Sabres,0,1,6.0,2.0,-1.5,6.5,-245.0
401803293,2026-03-01 00:00:00+00:00,2026,Carolina Hurricanes,1,1,5.0,2.0,-1.5,6.5,-192.0
401803293,2026-03-01 00:00:00+00:00,2026,Detroit Red Wings,0,0,2.0,5.0,-1.5,6.5,-192.0
401803295,2026-03-01 00:00:00+00:00,2026,Los Angeles Kings,1,1,2.0,0.0,-1.5,5.5,-148.0
401803295,2026-03-01 00:00:00+00:00,2026,Calgary Flames,0,0,0.0,2.0,-1.5,5.5,-148.0
401803296,2026-03-01 01:00:00+00:00,2026,Dallas Stars,1,1,3.0,2.0,-1.5,6.5,-148.0
401803296,2026-03-01 01:00:00+00:00,2026,Nashville Predators,0,0,2.0,3.0,-1.5,6.5,-148.0
401803297,2026-03-01 03:00:00+00:00,2026,Seattle Kraken,1,1,5.0,1.0,-1.5,6.5,-162.0
401803297,2026-03-01 03:00:00+00:00,2026,Vancouver Canucks,0,0,1.0,5.0,-1.5,6.5,-162.0
401803298,2026-03-01 18:00:00+00:00,2026,Pittsburgh Penguins,1,1,5.0,0.0,1.5,6.5,-155.0
401803298,2026-03-01 18:00:00+00:00,2026,Vegas Golden Knights,0,0,0.0,5.0,1.5,6.5,-155.0
401803300,2026-03-01 21:00:00+00:00,2026,Utah Mammoth,1,0,0.0,4.0,-1.5,6.5,-340.0
401803300,2026-03-01 21:00:00+00:00,2026,Chicago Blackhawks,0,1,4.0,0.0,-1.5,6.5,-340.0
401803301,2026-03-01 21:00:00+00:00,2026,San Jose Sharks,1,1,2.0,1.0,1.5,5.5,-120.0
401803301,2026-03-01 21:00:00+00:00,2026,Winnipeg Jets,0,0,1.0,2.0,1.5,5.5,-120.0
401803302,2026-03-01 22:00:00+00:00,2026,Minnesota Wild,1,0,1.0,3.0,-1.5,6.5,-230.0
401803302,2026-03-01 22:00:00+00:00,2026,St. Louis Blues,0,1,3.0,1.0,-1.5,6.5,-230.0
401803299,2026-03-01 23:30:00+00:00,2026,New York Islanders,1,1,5.0,4.0,1.5,5.5,-155.0
401803299,2026-03-01 23:30:00+00:00,2026,Florida Panthers,0,0,4.0,5.0,1.5,5.5,-155.0
401803303,2026-03-02 01:00:00+00:00,2026,Anaheim Ducks,1,1,3.0,2.0,-1.5,6.5,-185.0
401803303,2026-03-02 01:00:00+00:00,2026,Calgary Flames,0,0,2.0,3.0,-1.5,6.5,-185.0
401803306,2026-03-02 19:00:00+00:00,2026,Nashville Predators,1,0,2.0,4.0,1.5,6.5,-112.0
401803306,2026-03-02 19:00:00+00:00,2026,Detroit Red Wings,0,1,4.0,2.0,1.5,6.5,-112.0
401803304,2026-03-03 00:00:00+00:00,2026,New York Rangers,1,0,4.0,5.0,-1.5,5.5,-110.0
401803304,2026-03-03 00:00:00+00:00,2026,Columbus Blue Jackets,0,1,5.0,4.0,-1.5,5.5,-110.0
401803305,2026-03-03 00:30:00+00:00,2026,Toronto Maple Leafs,1,0,2.0,3.0,-1.5,6.5,-135.0
401803305,2026-03-03 00:30:00+00:00,2026,Philadelphia Flyers,0,1,3.0,2.0,-1.5,6.5,-135.0
401803307,2026-03-03 03:00:00+00:00,2026,Vancouver Canucks,1,0,1.0,6.0,1.5,5.5,-205.0
401803307,2026-03-03 03:00:00+00:00,2026,Dallas Stars,0,1,6.0,1.0,1.5,5.5,-205.0
401803308,2026-03-03 03:00:00+00:00,2026,Seattle Kraken,1,1,2.0,1.0,1.5,6.5,-185.0
401803308,2026-03-03 03:00:00+00:00,2026,Carolina Hurricanes,0,0,1.0,2.0,1.5,6.5,-185.0
401803309,2026-03-03 03:30:00+00:00,2026,Los Angeles Kings,1,0,2.0,4.0,1.5,5.5,-185.0
401803309,2026-03-03 03:30:00+00:00,2026,Colorado Avalanche,0,1,4.0,2.0,1.5,5.5,-185.0
401803310,2026-03-04 00:00:00+00:00,2026,Boston Bruins,1,1,2.0,1.0,-1.5,6.5,-120.0
401803310,2026-03-04 00:00:00+00:00,2026,Pittsburgh Penguins,0,0,1.0,2.0,-1.5,6.5,-120.0
401803311,2026-03-04 00:00:00+00:00,2026,Buffalo Sabres,1,1,3.0,2.0,-1.5,6.5,-135.0
401803311,2026-03-04 00:00:00+00:00,2026,Vegas Golden Knights,0,0,2.0,3.0,-1.5,6.5,-135.0
401803312,2026-03-04 00:00:00+00:00,2026,New Jersey Devils,1,1,5.0,1.0,1.5,5.5,-120.0
401803312,2026-03-04 00:00:00+00:00,2026,Florida Panthers,0,0,1.0,5.0,1.5,5.5,-120.0
401803313,2026-03-04 00:00:00+00:00,2026,Washington Capitals,1,0,2.0,3.0,-1.5,6.5,-112.0
401803313,2026-03-04 00:00:00+00:00,2026,Utah Mammoth,0,1,3.0,2.0,-1.5,6.5,-112.0
401803314,2026-03-04 00:00:00+00:00,2026,Columbus Blue Jackets,1,1,3.0,2.0,-1.5,6.5,-130.0
401803314,2026-03-04 00:00:00+00:00,2026,Nashville Predators,0,0,2.0,3.0,-1.5,6.5,-130.0
401803315,2026-03-04 01:00:00+00:00,2026,Winnipeg Jets,1,1,3.0,2.0,-1.5,5.5,-148.0
401803315,2026-03-04 01:00:00+00:00,2026,Chicago Blackhawks,0,0,2.0,3.0,-1.5,5.5,-148.0
401803316,2026-03-04 02:00:00+00:00,2026,Calgary Flames,1,0,1.0,6.0,1.5,5.5,-130.0
401803316,2026-03-04 02:00:00+00:00,2026,Dallas Stars,0,1,6.0,1.0,1.5,5.5,-130.0
401803317,2026-03-04 02:00:00+00:00,2026,Edmonton Oilers,1,1,5.0,4.0,-1.5,6.5,-120.0
401803317,2026-03-04 02:00:00+00:00,2026,Ottawa Senators,0,0,4.0,5.0,-1.5,6.5,-120.0
401803318,2026-03-04 02:30:00+00:00,2026,Minnesota Wild,1,1,5.0,1.0,1.5,6.5,-142.0
401803318,2026-03-04 02:30:00+00:00,2026,Tampa Bay Lightning,0,0,1.0,5.0,1.5,6.5,-142.0
401803319,2026-03-04 03:00:00+00:00,2026,Anaheim Ducks,1,0,1.0,5.0,1.5,6.5,-148.0
401803319,2026-03-04 03:00:00+00:00,2026,Colorado Avalanche,0,1,5.0,1.0,1.5,6.5,-148.0
401803320,2026-03-04 03:00:00+00:00,2026,San Jose Sharks,1,1,7.0,5.0,1.5,6.5,-135.0
401803320,2026-03-04 03:00:00+00:00,2026,Montreal Canadiens,0,0,5.0,7.0,1.5,6.5,-135.0
401803321,2026-03-05 00:00:00+00:00,2026,Detroit Red Wings,1,0,3.0,4.0,-1.5,6.5,-135.0
401803321,2026-03-05 00:00:00+00:00,2026,Vegas Golden Knights,0,1,4.0,3.0,-1.5,6.5,-135.0
401803322,2026-03-05 00:00:00+00:00,2026,New Jersey Devils,1,1,4.0,3.0,-1.5,5.5,-125.0
401803322,2026-03-05 00:00:00+00:00,2026,Toronto Maple Leafs,0,0,3.0,4.0,-1.5,5.5,-125.0
401803323,2026-03-05 03:00:00+00:00,2026,Vancouver Canucks,1,0,4.0,6.0,1.5,6.5,-340.0
401803323,2026-03-05 03:00:00+00:00,2026,Carolina Hurricanes,0,1,6.0,4.0,1.5,6.5,-340.0
401803324,2026-03-05 03:00:00+00:00,2026,Anaheim Ducks,1,1,5.0,1.0,1.5,6.5,-125.0
401803324,2026-03-05 03:00:00+00:00,2026,New York Islanders,0,0,1.0,5.0,1.5,6.5,-125.0
401803325,2026-03-05 03:00:00+00:00,2026,Seattle Kraken,1,0,2.0,3.0,-1.5,6.5,-148.0
401803325,2026-03-05 03:00:00+00:00,2026,St. Louis Blues,0,1,3.0,2.0,-1.5,6.5,-148.0
401803326,2026-03-06 00:00:00+00:00,2026,New York Rangers,1,1,6.0,2.0,-1.5,5.5,-130.0
401803326,2026-03-06 00:00:00+00:00,2026,Toronto Maple Leafs,0,0,2.0,6.0,-1.5,5.5,-130.0
401803327,2026-03-06 00:00:00+00:00,2026,Philadelphia Flyers,1,0,0.0,3.0,1.5,5.5,-120.0
401803327,2026-03-06 00:00:00+00:00,2026,Utah Mammoth,0,1,3.0,0.0,1.5,5.5,-120.0
401803328,2026-03-06 00:00:00+00:00,2026,Pittsburgh Penguins,1,0,1.0,5.0,1.5,6.5,-115.0
401803328,2026-03-06 00:00:00+00:00,2026,Buffalo Sabres,0,1,5.0,1.0,1.5,6.5,-115.0
401803329,2026-03-06 00:00:00+00:00,2026,Columbus Blue Jackets,1,1,4.0,2.0,-1.5,6.5,-115.0
401803329,2026-03-06 00:00:00+00:00,2026,Florida Panthers,0,0,2.0,4.0,-1.5,6.5,-115.0
401803330,2026-03-06 01:00:00+00:00,2026,Nashville Predators,1,1,6.0,3.0,-1.5,6.5,-110.0
401803330,2026-03-06 01:00:00+00:00,2026,Boston Bruins,0,0,3.0,6.0,-1.5,6.5,-110.0
401803331,2026-03-06 01:00:00+00:00,2026,Winnipeg Jets,1,1,4.0,1.0,1.5,5.5,-205.0
401803331,2026-03-06 01:00:00+00:00,2026,Tampa Bay Lightning,0,0,1.0,4.0,1.5,5.5,-205.0
401803332,2026-03-06 02:00:00+00:00,2026,Calgary Flames,1,0,1.0,4.0,1.5,5.5,-180.0
401803332,2026-03-06 02:00:00+00:00,2026,Ottawa Senators,0,1,4.0,1.0,1.5,5.5,-180.0
401803333,2026-03-06 02:30:00+00:00,2026,Los Angeles Kings,1,1,5.0,3.0,-1.5,5.5,-120.0
401803333,2026-03-06 02:30:00+00:00,2026,New York Islanders,0,0,3.0,5.0,-1.5,5.5,-120.0
401803334,2026-03-07 00:00:00+00:00,2026,Detroit Red Wings,1,0,1.0,3.0,-1.5,6.5,-148.0
401803334,2026-03-07 00:00:00+00:00,2026,Florida Panthers,0,1,3.0,1.0,-1.5,6.5,-148.0
401803335,2026-03-07 01:00:00+00:00,2026,Dallas Stars,1,0,4.0,5.0,1.5,5.5,-122.0
401803335,2026-03-07 01:00:00+00:00,2026,Colorado Avalanche,0,1,5.0,4.0,1.5,5.5,-122.0
401803336,2026-03-07 01:30:00+00:00,2026,Chicago Blackhawks,1,0,3.0,6.0,-1.5,6.5,-155.0
401803336,2026-03-07 01:30:00+00:00,2026,Vancouver Canucks,0,1,6.0,3.0,-1.5,6.5,-155.0
401803337,2026-03-07 02:00:00+00:00,2026,Edmonton Oilers,1,0,3.0,6.0,1.5,6.5,-112.0
401803337,2026-03-07 02:00:00+00:00,2026,Carolina Hurricanes,0,1,6.0,3.0,1.5,6.5,-112.0
401803338,2026-03-07 02:00:00+00:00,2026,Anaheim Ducks,1,1,6.0,5.0,1.5,6.5,-118.0
401803338,2026-03-07 02:00:00+00:00,2026,Montreal Canadiens,0,0,5.0,6.0,1.5,6.5,-118.0
401803339,2026-03-07 03:00:00+00:00,2026,Vegas Golden Knights,1,0,2.0,4.0,1.5,6.5,-118.0
401803339,2026-03-07 03:00:00+00:00,2026,Minnesota Wild,0,1,4.0,2.0,1.5,6.5,-118.0
401803340,2026-03-07 03:00:00+00:00,2026,San Jose Sharks,1,0,2.0,3.0,-1.5,6.5,-148.0
401803340,2026-03-07 03:00:00+00:00,2026,St. Louis Blues,0,1,3.0,2.0,-1.5,6.5,-148.0
401803341,2026-03-07 17:30:00+00:00,2026,Boston Bruins,1,1,3.0,1.0,-1.5,6.5,-130.0
401803341,2026-03-07 17:30:00+00:00,2026,Washington Capitals,0,0,1.0,3.0,-1.5,6.5,-130.0
401803342,2026-03-07 20:00:00+00:00,2026,New Jersey Devils,1,1,6.0,3.0,-1.5,5.5,-180.0
401803342,2026-03-07 20:00:00+00:00,2026,New York Rangers,0,0,3.0,6.0,-1.5,5.5,-180.0
401803343,2026-03-07 22:30:00+00:00,2026,Buffalo Sabres,1,1,3.0,2.0,-1.5,6.5,-185.0
401803343,2026-03-07 22:30:00+00:00,2026,Nashville Predators,0,0,2.0,3.0,-1.5,6.5,-185.0
401803344,2026-03-07 22:30:00+00:00,2026,Pittsburgh Penguins,1,0,3.0,4.0,-1.5,5.5,-142.0
401803344,2026-03-07 22:30:00+00:00,2026,Philadelphia Flyers,0,1,4.0,3.0,-1.5,5.5,-142.0
401803345,2026-03-08 00:00:00+00:00,2026,Toronto Maple Leafs,1,0,2.0,5.0,1.5,6.5,-218.0
401803345,2026-03-08 00:00:00+00:00,2026,Tampa Bay Lightning,0,1,5.0,2.0,1.5,6.5,-218.0
401803346,2026-03-08 00:00:00+00:00,2026,Columbus Blue Jackets,1,0,4.0,5.0,1.5,6.5,-122.0
401803346,2026-03-08 00:00:00+00:00,2026,Utah Mammoth,0,1,5.0,4.0,1.5,6.5,-122.0
401803347,2026-03-08 00:00:00+00:00,2026,Winnipeg Jets,1,1,3.0,2.0,-1.5,5.5,-290.0
401803347,2026-03-08 00:00:00+00:00,2026,Vancouver Canucks,0,0,2.0,3.0,-1.5,5.5,-290.0
401803348,2026-03-08 00:00:00+00:00,2026,Los Angeles Kings,1,0,3.0,4.0,-1.5,6.5,-115.0
401803348,2026-03-08 00:00:00+00:00,2026,Montreal Canadiens,0,1,4.0,3.0,-1.5,6.5,-115.0
401803349,2026-03-08 03:00:00+00:00,2026,Calgary Flames,1,1,5.0,4.0,1.5,5.5,-218.0
401803349,2026-03-08 03:00:00+00:00,2026,Carolina Hurricanes,0,0,4.0,5.0,1.5,5.5,-218.0
401803350,2026-03-08 03:00:00+00:00,2026,San Jose Sharks,1,0,1.0,2.0,1.5,6.5,-148.0
401803350,2026-03-08 03:00:00+00:00,2026,New York Islanders,0,1,2.0,1.0,1.5,6.5,-148.0
401803351,2026-03-08 03:00:00+00:00,2026,Seattle Kraken,1,0,4.0,7.0,1.5,5.5,-162.0
401803351,2026-03-08 03:00:00+00:00,2026,Ottawa Senators,0,1,7.0,4.0,1.5,5.5,-162.0
401803352,2026-03-08 18:00:00+00:00,2026,Colorado Avalanche,1,1,3.0,2.0,-1.5,6.5,-185.0
401803352,2026-03-08 18:00:00+00:00,2026,Minnesota Wild,0,0,2.0,3.0,-1.5,6.5,-185.0
401803353,2026-03-08 20:30:00+00:00,2026,Pittsburgh Penguins,1,1,5.0,4.0,-1.5,6.5,-125.0
401803353,2026-03-08 20:30:00+00:00,2026,Boston Bruins,0,0,4.0,5.0,-1.5,6.5,-125.0
401803354,2026-03-08 22:00:00+00:00,2026,Buffalo Sabres,1,1,8.0,7.0,1.5,6.5,-115.0
401803354,2026-03-08 22:00:00+00:00,2026,Tampa Bay Lightning,0,0,7.0,8.0,1.5,6.5,-115.0
401803355,2026-03-08 22:00:00+00:00,2026,Dallas Stars,1,1,4.0,3.0,-1.5,5.5,-325.0
401803355,2026-03-08 22:00:00+00:00,2026,Chicago Blackhawks,0,0,3.0,4.0,-1.5,5.5,-325.0
401803356,2026-03-08 23:00:00+00:00,2026,New Jersey Devils,1,0,0.0,3.0,-1.5,5.5,-105.0
401803356,2026-03-08 23:00:00+00:00,2026,Detroit Red Wings,0,1,3.0,0.0,-1.5,5.5,-105.0
401803357,2026-03-09 01:00:00+00:00,2026,Anaheim Ducks,1,0,0.0,4.0,-1.5,6.5,-175.0
401803357,2026-03-09 01:00:00+00:00,2026,St. Louis Blues,0,1,4.0,0.0,-1.5,6.5,-175.0
401803358,2026-03-09 01:45:00+00:00,2026,Vegas Golden Knights,1,0,2.0,4.0,-1.5,6.5,-110.0
401803358,2026-03-09 01:45:00+00:00,2026,Edmonton Oilers,0,1,4.0,2.0,-1.5,6.5,-110.0
401857755,2026-03-09 20:00:00+00:00,2026,Columbus Blue Jackets,1,0,4.0,5.0,-1.5,5.5,-155.0
401857755,2026-03-09 20:00:00+00:00,2026,Los Angeles Kings,0,1,5.0,4.0,-1.5,5.5,-155.0
401803359,2026-03-09 23:00:00+00:00,2026,Philadelphia Flyers,1,0,2.0,6.0,-1.5,5.5,-142.0
401803359,2026-03-09 23:00:00+00:00,2026,New York Rangers,0,1,6.0,2.0,-1.5,5.5,-142.0
401803360,2026-03-09 23:00:00+00:00,2026,Washington Capitals,1,1,7.0,3.0,-1.5,5.5,-192.0
401803360,2026-03-09 23:00:00+00:00,2026,Calgary Flames,0,0,3.0,7.0,-1.5,5.5,-192.0
401803361,2026-03-10 00:30:00+00:00,2026,Chicago Blackhawks,1,1,3.0,2.0,1.5,6.5,-238.0
401803361,2026-03-10 00:30:00+00:00,2026,Utah Mammoth,0,0,2.0,3.0,1.5,6.5,-238.0
401803362,2026-03-10 01:00:00+00:00,2026,Vancouver Canucks,1,0,0.0,2.0,1.5,6.5,-230.0
401803362,2026-03-10 01:00:00+00:00,2026,Ottawa Senators,0,1,2.0,0.0,1.5,6.5,-230.0
401803363,2026-03-10 23:00:00+00:00,2026,Boston Bruins,1,1,2.0,1.0,-1.5,5.5,-162.0
401803363,2026-03-10 23:00:00+00:00,2026,Los Angeles Kings,0,0,1.0,2.0,-1.5,5.5,-162.0
401803364,2026-03-10 23:00:00+00:00,2026,Buffalo Sabres,1,1,6.0,3.0,-1.5,6.5,-205.0
401803364,2026-03-10 23:00:00+00:00,2026,San Jose Sharks,0,0,3.0,6.0,-1.5,6.5,-205.0
401803365,2026-03-10 23:00:00+00:00,2026,Montreal Canadiens,1,1,3.0,1.0,-1.5,6.5,-170.0
401803365,2026-03-10 23:00:00+00:00,2026,Toronto Maple Leafs,0,0,1.0,3.0,-1.5,6.5,-170.0
401803366,2026-03-10 23:00:00+00:00,2026,Tampa Bay Lightning,1,0,2.0,5.0,-1.5,6.5,-238.0
401803366,2026-03-10 23:00:00+00:00,2026,Columbus Blue Jackets,0,1,5.0,2.0,-1.5,6.5,-238.0
401803367,2026-03-10 23:00:00+00:00,2026,Florida Panthers,1,1,4.0,3.0,-1.5,5.5,-115.0
401803367,2026-03-10 23:00:00+00:00,2026,Detroit Red Wings,0,0,3.0,4.0,-1.5,5.5,-115.0
401803368,2026-03-10 23:00:00+00:00,2026,New York Rangers,1,1,4.0,0.0,-1.5,5.5,-125.0
401803368,2026-03-10 23:00:00+00:00,2026,Calgary Flames,0,0,0.0,4.0,-1.5,5.5,-125.0
401803369,2026-03-10 23:00:00+00:00,2026,Carolina Hurricanes,1,1,5.0,4.0,-1.5,6.5,-205.0
401803369,2026-03-10 23:00:00+00:00,2026,Pittsburgh Penguins,0,0,4.0,5.0,-1.5,6.5,-205.0
401803370,2026-03-10 23:30:00+00:00,2026,St. Louis Blues,1,0,3.0,4.0,1.5,5.5,-125.0
401803370,2026-03-10 23:30:00+00:00,2026,New York Islanders,0,1,4.0,3.0,1.5,5.5,-125.0
401803371,2026-03-11 00:00:00+00:00,2026,Dallas Stars,1,1,2.0,1.0,-1.5,5.5,-148.0
401803371,2026-03-11 00:00:00+00:00,2026,Vegas Golden Knights,0,0,1.0,2.0,-1.5,5.5,-148.0
401803372,2026-03-11 00:00:00+00:00,2026,Minnesota Wild,1,1,5.0,0.0,-1.5,5.5,-162.0
401803372,2026-03-11 00:00:00+00:00,2026,Utah Mammoth,0,0,0.0,5.0,-1.5,5.5,-162.0
401803373,2026-03-11 00:30:00+00:00,2026,Winnipeg Jets,1,0,1.0,4.0,-1.5,6.5,-130.0
401803373,2026-03-11 00:30:00+00:00,2026,Anaheim Ducks,0,1,4.0,1.0,-1.5,6.5,-130.0
401803374,2026-03-11 02:00:00+00:00,2026,Colorado Avalanche,1,0,3.0,4.0,-1.5,6.5,-175.0
401803374,2026-03-11 02:00:00+00:00,2026,Edmonton Oilers,0,1,4.0,3.0,-1.5,6.5,-175.0
401803375,2026-03-11 02:00:00+00:00,2026,Seattle Kraken,1,0,2.0,4.0,-1.5,6.5,-110.0
401803375,2026-03-11 02:00:00+00:00,2026,Nashville Predators,0,1,4.0,2.0,-1.5,6.5,-110.0
401803376,2026-03-11 23:30:00+00:00,2026,Ottawa Senators,1,0,2.0,3.0,-1.5,6.5,-192.0
401803376,2026-03-11 23:30:00+00:00,2026,Montreal Canadiens,0,1,3.0,2.0,-1.5,6.5,-192.0
401803377,2026-03-11 23:30:00+00:00,2026,Philadelphia Flyers,1,1,4.0,1.0,1.5,5.5,-142.0
401803377,2026-03-11 23:30:00+00:00,2026,Washington Capitals,0,0,1.0,4.0,1.5,5.5,-142.0
401803378,2026-03-12 23:00:00+00:00,2026,Boston Bruins,1,0,2.0,4.0,-1.5,6.5,-162.0
401803378,2026-03-12 23:00:00+00:00,2026,San Jose Sharks,0,1,4.0,2.0,-1.5,6.5,-162.0
401803379,2026-03-12 23:00:00+00:00,2026,Buffalo Sabres,1,0,1.0,2.0,-1.5,6.5,-218.0
401803379,2026-03-12 23:00:00+00:00,2026,Washington Capitals,0,1,2.0,1.0,-1.5,6.5,-218.0
401803380,2026-03-12 23:00:00+00:00,2026,Toronto Maple Leafs,1,1,6.0,4.0,1.5,6.5,-110.0
401803380,2026-03-12 23:00:00+00:00,2026,Anaheim Ducks,0,0,4.0,6.0,1.5,6.5,-110.0
401803381,2026-03-12 23:00:00+00:00,2026,Tampa Bay Lightning,1,1,4.0,1.0,-1.5,6.5,-218.0
401803381,2026-03-12 23:00:00+00:00,2026,Detroit Red Wings,0,0,1.0,4.0,-1.5,6.5,-218.0
401803382,2026-03-12 23:00:00+00:00,2026,Florida Panthers,1,1,2.0,1.0,1.5,6.5,-125.0
401803382,2026-03-12 23:00:00+00:00,2026,Columbus Blue Jackets,0,0,1.0,2.0,1.5,6.5,-125.0
401803383,2026-03-12 23:00:00+00:00,2026,New Jersey Devils,1,0,4.0,5.0,-1.5,5.5,-192.0
401803383,2026-03-12 23:00:00+00:00,2026,Calgary Flames,0,1,5.0,4.0,-1.5,5.5,-192.0
401803384,2026-03-12 23:00:00+00:00,2026,Carolina Hurricanes,1,0,1.0,3.0,-1.5,5.5,-290.0
401803384,2026-03-12 23:00:00+00:00,2026,St. Louis Blues,0,1,3.0,1.0,-1.5,5.5,-290.0
401803385,2026-03-13 00:00:00+00:00,2026,Dallas Stars,1,1,7.0,2.0,-1.5,6.5,-130.0
401803385,2026-03-13 00:00:00+00:00,2026,Edmonton Oilers,0,0,2.0,7.0,-1.5,6.5,-130.0
401803386,2026-03-13 00:00:00+00:00,2026,Minnesota Wild,1,0,2.0,3.0,-1.5,5.5,-225.0
401803386,2026-03-13 00:00:00+00:00,2026,Philadelphia Flyers,0,1,3.0,2.0,-1.5,5.5,-225.0
401803387,2026-03-13 00:00:00+00:00,2026,Winnipeg Jets,1,0,3.0,6.0,-1.5,5.5,-155.0
401803387,2026-03-13 00:00:00+00:00,2026,New York Rangers,0,1,6.0,3.0,-1.5,5.5,-155.0
401803388,2026-03-13 01:00:00+00:00,2026,Utah Mammoth,1,0,2.0,3.0,-1.5,5.5,-230.0
401803388,2026-03-13 01:00:00+00:00,2026,Chicago Blackhawks,0,1,3.0,2.0,-1.5,5.5,-230.0
401803389,2026-03-13 02:00:00+00:00,2026,Vancouver Canucks,1,1,4.0,3.0,1.5,6.5,-170.0
401803389,2026-03-13 02:00:00+00:00,2026,Nashville Predators,0,0,3.0,4.0,1.5,6.5,-170.0
401803390,2026-03-13 02:00:00+00:00,2026,Vegas Golden Knights,1,1,6.0,2.0,-1.5,6.5,-170.0
401803390,2026-03-13 02:00:00+00:00,2026,Pittsburgh Penguins,0,0,2.0,6.0,-1.5,6.5,-170.0
401803391,2026-03-13 02:00:00+00:00,2026,Seattle Kraken,1,0,1.0,5.0,1.5,6.5,-205.0
401803391,2026-03-13 02:00:00+00:00,2026,Colorado Avalanche,0,1,5.0,1.0,1.5,6.5,-205.0
401803392,2026-03-13 23:00:00+00:00,2026,New York Islanders,1,0,2.0,3.0,-1.5,5.5,-142.0
401803392,2026-03-13 23:00:00+00:00,2026,Los Angeles Kings,0,1,3.0,2.0,-1.5,5.5,-142.0
401803393,2026-03-14 00:00:00+00:00,2026,St. Louis Blues,1,1,3.0,2.0,1.5,6.5,-142.0
401803393,2026-03-14 00:00:00+00:00,2026,Edmonton Oilers,0,0,2.0,3.0,1.5,6.5,-142.0
401803394,2026-03-14 17:00:00+00:00,2026,Ottawa Senators,1,1,2.0,0.0,-1.5,6.5,-180.0
401803394,2026-03-14 17:00:00+00:00,2026,Anaheim Ducks,0,0,0.0,2.0,-1.5,6.5,-180.0
401803395,2026-03-14 19:00:00+00:00,2026,Washington Capitals,1,0,2.0,3.0,-1.5,5.5,-130.0
401803395,2026-03-14 19:00:00+00:00,2026,Boston Bruins,0,1,3.0,2.0,-1.5,5.5,-130.0
401803396,2026-03-14 20:00:00+00:00,2026,Winnipeg Jets,1,1,3.0,1.0,1.5,5.5,-185.0
401803396,2026-03-14 20:00:00+00:00,2026,Colorado Avalanche,0,0,1.0,3.0,1.5,5.5,-185.0
401803397,2026-03-14 22:00:00+00:00,2026,Minnesota Wild,1,0,2.0,4.0,-1.5,6.5,-198.0
401803397,2026-03-14 22:00:00+00:00,2026,New York Rangers,0,1,4.0,2.0,-1.5,6.5,-198.0
401803398,2026-03-14 23:00:00+00:00,2026,Buffalo Sabres,1,1,3.0,2.0,-1.5,6.5,-230.0
401803398,2026-03-14 23:00:00+00:00,2026,Toronto Maple Leafs,0,0,2.0,3.0,-1.5,6.5,-230.0
401803399,2026-03-14 23:00:00+00:00,2026,Montreal Canadiens,1,0,2.0,4.0,-1.5,6.5,-155.0
401803399,2026-03-14 23:00:00+00:00,2026,San Jose Sharks,0,1,4.0,2.0,-1.5,6.5,-155.0
401803400,2026-03-14 23:00:00+00:00,2026,Tampa Bay Lightning,1,0,2.0,4.0,-1.5,6.5,-130.0
401803400,2026-03-14 23:00:00+00:00,2026,Carolina Hurricanes,0,1,4.0,2.0,-1.5,6.5,-130.0
401803401,2026-03-14 23:00:00+00:00,2026,New Jersey Devils,1,1,6.0,4.0,-1.5,5.5,-155.0
401803401,2026-03-14 23:00:00+00:00,2026,Los Angeles Kings,0,0,4.0,6.0,-1.5,5.5,-155.0
401803402,2026-03-14 23:00:00+00:00,2026,New York Islanders,1,1,3.0,2.0,-1.5,6.5,-148.0
401803402,2026-03-14 23:00:00+00:00,2026,Calgary Flames,0,0,2.0,3.0,-1.5,6.5,-148.0
401803403,2026-03-14 23:30:00+00:00,2026,Philadelphia Flyers,1,0,1.0,2.0,1.5,5.5,-142.0
401803403,2026-03-14 23:30:00+00:00,2026,Columbus Blue Jackets,0,1,2.0,1.0,1.5,5.5,-142.0
401803404,2026-03-15 00:00:00+00:00,2026,Dallas Stars,1,1,3.0,2.0,-1.5,5.5,-192.0
401803404,2026-03-15 00:00:00+00:00,2026,Detroit Red Wings,0,0,2.0,3.0,-1.5,5.5,-192.0
401803405,2026-03-15 01:00:00+00:00,2026,Utah Mammoth,1,0,3.0,4.0,-1.5,6.5,-155.0
401803405,2026-03-15 01:00:00+00:00,2026,Pittsburgh Penguins,0,1,4.0,3.0,-1.5,6.5,-155.0
401803406,2026-03-15 02:00:00+00:00,2026,Vancouver Canucks,1,0,2.0,5.0,1.5,6.5,-142.0
401803406,2026-03-15 02:00:00+00:00,2026,Seattle Kraken,0,1,5.0,2.0,1.5,6.5,-142.0
401803407,2026-03-15 02:00:00+00:00,2026,Vegas Golden Knights,1,1,4.0,0.0,-1.5,5.5,-225.0
401803407,2026-03-15 02:00:00+00:00,2026,Chicago Blackhawks,0,0,0.0,4.0,-1.5,5.5,-225.0
401803408,2026-03-15 19:00:00+00:00,2026,Winnipeg Jets,1,1,3.0,2.0,-1.5,5.5,-108.0
401803408,2026-03-15 19:00:00+00:00,2026,St. Louis Blues,0,0,2.0,3.0,-1.5,5.5,-108.0
401803409,2026-03-15 21:00:00+00:00,2026,Ottawa Senators,1,1,7.0,4.0,-1.5,6.5,-205.0
401803409,2026-03-15 21:00:00+00:00,2026,San Jose Sharks,0,0,4.0,7.0,-1.5,6.5,-205.0
401803410,2026-03-15 23:00:00+00:00,2026,Montreal Canadiens,1,0,3.0,4.0,-1.5,6.5,-142.0
401803410,2026-03-15 23:00:00+00:00,2026,Anaheim Ducks,0,1,4.0,3.0,-1.5,6.5,-142.0
401803411,2026-03-15 23:30:00+00:00,2026,Minnesota Wild,1,0,2.0,4.0,-1.5,6.5,-265.0
401803411,2026-03-15 23:30:00+00:00,2026,Toronto Maple Leafs,0,1,4.0,2.0,-1.5,6.5,-265.0
401803412,2026-03-16 00:00:00+00:00,2026,Edmonton Oilers,1,1,3.0,1.0,-1.5,6.5,-192.0
401803412,2026-03-16 00:00:00+00:00,2026,Nashville Predators,0,0,1.0,3.0,-1.5,6.5,-192.0
401803413,2026-03-16 00:00:00+00:00,2026,Seattle Kraken,1,1,6.0,2.0,1.5,5.5,-130.0
401803413,2026-03-16 00:00:00+00:00,2026,Florida Panthers,0,0,2.0,6.0,1.5,5.5,-130.0
401803414,2026-03-16 23:00:00+00:00,2026,Detroit Red Wings,1,1,5.0,2.0,-1.5,5.5,-185.0
401803414,2026-03-16 23:00:00+00:00,2026,Calgary Flames,0,0,2.0,5.0,-1.5,5.5,-185.0
401803415,2026-03-16 23:00:00+00:00,2026,New Jersey Devils,1,1,4.0,3.0,-1.5,6.5,-125.0
401803415,2026-03-16 23:00:00+00:00,2026,Boston Bruins,0,0,3.0,4.0,-1.5,6.5,-125.0
401803416,2026-03-16 23:00:00+00:00,2026,New York Rangers,1,0,1.0,4.0,1.5,5.5,-110.0
401803416,2026-03-16 23:00:00+00:00,2026,Los Angeles Kings,0,1,4.0,1.0,1.5,5.5,-110.0
401803417,2026-03-17 00:00:00+00:00,2026,Dallas Stars,1,0,3.0,6.0,-1.5,5.5,-162.0
401803417,2026-03-17 00:00:00+00:00,2026,Utah Mammoth,0,1,6.0,3.0,-1.5,5.5,-162.0
401803418,2026-03-17 01:50:00+00:00,2026,Colorado Avalanche,1,0,2.0,7.0,-1.5,6.5,-218.0
401803418,2026-03-17 01:50:00+00:00,2026,Pittsburgh Penguins,0,1,7.0,2.0,-1.5,6.5,-218.0
401803419,2026-03-17 23:00:00+00:00,2026,Toronto Maple Leafs,1,0,1.0,3.0,1.5,6.5,-162.0
401803419,2026-03-17 23:00:00+00:00,2026,New York Islanders,0,1,3.0,1.0,1.5,6.5,-162.0
401803420,2026-03-17 23:00:00+00:00,2026,Montreal Canadiens,1,1,3.0,2.0,-1.5,6.5,-155.0
401803420,2026-03-17 23:00:00+00:00,2026,Boston Bruins,0,0,2.0,3.0,-1.5,6.5,-155.0
401803421,2026-03-17 23:00:00+00:00,2026,Columbus Blue Jackets,1,1,5.0,1.0,1.5,6.5,-120.0
401803421,2026-03-17 23:00:00+00:00,2026,Carolina Hurricanes,0,0,1.0,5.0,1.5,6.5,-120.0
401803423,2026-03-17 23:30:00+00:00,2026,Chicago Blackhawks,1,0,3.0,4.0,1.5,5.5,-180.0
401803423,2026-03-17 23:30:00+00:00,2026,Minnesota Wild,0,1,4.0,3.0,1.5,5.5,-180.0
401803422,2026-03-18 00:00:00+00:00,2026,Winnipeg Jets,1,0,3.0,4.0,-1.5,5.5,-130.0
401803422,2026-03-18 00:00:00+00:00,2026,Nashville Predators,0,1,4.0,3.0,-1.5,5.5,-130.0
401803424,2026-03-18 01:00:00+00:00,2026,Edmonton Oilers,1,1,5.0,3.0,-1.5,6.5,-162.0
401803424,2026-03-18 01:00:00+00:00,2026,San Jose Sharks,0,0,3.0,5.0,-1.5,6.5,-162.0
401803425,2026-03-18 02:00:00+00:00,2026,Vancouver Canucks,1,1,5.0,2.0,1.5,6.5,-155.0
401803425,2026-03-18 02:00:00+00:00,2026,Florida Panthers,0,0,2.0,5.0,1.5,6.5,-155.0
401803426,2026-03-18 02:00:00+00:00,2026,Vegas Golden Knights,1,0,0.0,2.0,-1.5,6.5,-135.0
401803426,2026-03-18 02:00:00+00:00,2026,Buffalo Sabres,0,1,2.0,0.0,-1.5,6.5,-135.0
401803427,2026-03-18 02:00:00+00:00,2026,Seattle Kraken,1,0,2.0,6.0,1.5,6.5,-185.0
401803427,2026-03-18 02:00:00+00:00,2026,Tampa Bay Lightning,0,1,6.0,2.0,1.5,6.5,-185.0
401803428,2026-03-18 23:00:00+00:00,2026,New York Rangers,1,0,3.0,6.0,1.5,6.5,-125.0
401803428,2026-03-18 23:00:00+00:00,2026,New Jersey Devils,0,1,6.0,3.0,1.5,6.5,-125.0
401803429,2026-03-18 23:00:00+00:00,2026,Carolina Hurricanes,1,1,6.0,5.0,-1.5,6.5,-135.0
401803429,2026-03-18 23:00:00+00:00,2026,Pittsburgh Penguins,0,0,5.0,6.0,-1.5,6.5,-135.0
401803430,2026-03-18 23:30:00+00:00,2026,Washington Capitals,1,1,4.0,1.0,1.5,5.5,-135.0
401803430,2026-03-18 23:30:00+00:00,2026,Ottawa Senators,0,0,1.0,4.0,1.5,5.5,-135.0
401803431,2026-03-19 01:30:00+00:00,2026,Colorado Avalanche,1,0,1.0,2.0,-1.5,6.5,-142.0
401803431,2026-03-19 01:30:00+00:00,2026,Dallas Stars,0,1,2.0,1.0,-1.5,6.5,-142.0
401803432,2026-03-19 01:30:00+00:00,2026,Calgary Flames,1,1,2.0,1.0,1.5,5.5,-142.0
401803432,2026-03-19 01:30:00+00:00,2026,St. Louis Blues,0,0,1.0,2.0,1.5,5.5,-142.0
401803433,2026-03-19 02:00:00+00:00,2026,Anaheim Ducks,1,0,2.0,3.0,-1.5,6.5,-155.0
401803433,2026-03-19 02:00:00+00:00,2026,Philadelphia Flyers,0,1,3.0,2.0,-1.5,6.5,-155.0
401803434,2026-03-19 23:00:00+00:00,2026,Boston Bruins,1,1,6.0,1.0,-1.5,5.5,-142.0
401803434,2026-03-19 23:00:00+00:00,2026,Winnipeg Jets,0,0,1.0,6.0,-1.5,5.5,-142.0
401803435,2026-03-19 23:00:00+00:00,2026,Ottawa Senators,1,1,3.0,2.0,-1.5,5.5,-125.0
401803435,2026-03-19 23:00:00+00:00,2026,New York Islanders,0,0,2.0,3.0,-1.5,5.5,-125.0
401803436,2026-03-19 23:00:00+00:00,2026,Detroit Red Wings,1,1,3.0,1.0,1.5,6.5,-115.0
401803436,2026-03-19 23:00:00+00:00,2026,Montreal Canadiens,0,0,1.0,3.0,1.5,6.5,-115.0
401803437,2026-03-19 23:00:00+00:00,2026,Columbus Blue Jackets,1,1,6.0,3.0,-1.5,6.5,-218.0
401803437,2026-03-19 23:00:00+00:00,2026,New York Rangers,0,0,3.0,6.0,-1.5,6.5,-218.0
401803439,2026-03-19 23:30:00+00:00,2026,Minnesota Wild,1,0,1.0,2.0,-1.5,5.5,-198.0
401803439,2026-03-19 23:30:00+00:00,2026,Chicago Blackhawks,0,1,2.0,1.0,-1.5,5.5,-198.0
401803438,2026-03-20 00:00:00+00:00,2026,Nashville Predators,1,1,3.0,1.0,-1.5,6.5,-120.0
401803438,2026-03-20 00:00:00+00:00,2026,Seattle Kraken,0,0,1.0,3.0,-1.5,6.5,-120.0
401803440,2026-03-20 01:00:00+00:00,2026,Edmonton Oilers,1,0,0.0,4.0,-1.5,6.5,-162.0
401803440,2026-03-20 01:00:00+00:00,2026,Florida Panthers,0,1,4.0,0.0,-1.5,6.5,-162.0
401803441,2026-03-20 02:00:00+00:00,2026,Vancouver Canucks,1,0,2.0,6.0,1.5,6.5,-340.0
401803441,2026-03-20 02:00:00+00:00,2026,Tampa Bay Lightning,0,1,6.0,2.0,1.5,6.5,-340.0
401803442,2026-03-20 02:00:00+00:00,2026,Vegas Golden Knights,1,0,0.0,4.0,-1.5,5.5,-135.0
401803442,2026-03-20 02:00:00+00:00,2026,Utah Mammoth,0,1,4.0,0.0,-1.5,5.5,-135.0
401803443,2026-03-20 02:00:00+00:00,2026,San Jose Sharks,1,0,0.0,5.0,1.5,6.5,-142.0
401803443,2026-03-20 02:00:00+00:00,2026,Buffalo Sabres,0,1,5.0,0.0,1.5,6.5,-142.0
401803444,2026-03-20 02:30:00+00:00,2026,Los Angeles Kings,1,0,3.0,4.0,-1.5,5.5,-192.0
401803444,2026-03-20 02:30:00+00:00,2026,Philadelphia Flyers,0,1,4.0,3.0,-1.5,5.5,-192.0
401803445,2026-03-20 23:00:00+00:00,2026,Toronto Maple Leafs,1,0,3.0,4.0,1.5,6.5,-218.0
401803445,2026-03-20 23:00:00+00:00,2026,Carolina Hurricanes,0,1,4.0,3.0,1.5,6.5,-218.0
401803446,2026-03-20 23:00:00+00:00,2026,Washington Capitals,1,1,2.0,1.0,-1.5,6.5,-125.0
401803446,2026-03-20 23:00:00+00:00,2026,New Jersey Devils,0,0,1.0,2.0,-1.5,6.5,-125.0
401803447,2026-03-21 00:30:00+00:00,2026,Chicago Blackhawks,1,0,1.0,4.0,1.5,6.5,-340.0
401803447,2026-03-21 00:30:00+00:00,2026,Colorado Avalanche,0,1,4.0,1.0,1.5,6.5,-340.0
401803448,2026-03-21 01:00:00+00:00,2026,Calgary Flames,1,1,4.0,1.0,-1.5,5.5,-118.0
401803448,2026-03-21 01:00:00+00:00,2026,Florida Panthers,0,0,1.0,4.0,-1.5,5.5,-118.0
401803449,2026-03-21 02:00:00+00:00,2026,Utah Mammoth,1,0,1.0,4.0,-1.5,6.5,-142.0
401803449,2026-03-21 02:00:00+00:00,2026,Anaheim Ducks,0,1,4.0,1.0,-1.5,6.5,-142.0
401803450,2026-03-21 17:00:00+00:00,2026,Pittsburgh Penguins,1,1,5.0,4.0,-1.5,6.5,-162.0
401803450,2026-03-21 17:00:00+00:00,2026,Winnipeg Jets,0,0,4.0,5.0,-1.5,6.5,-162.0
401803451,2026-03-21 18:00:00+00:00,2026,Nashville Predators,1,1,4.0,1.0,1.5,6.5,-155.0
401803451,2026-03-21 18:00:00+00:00,2026,Vegas Golden Knights,0,0,1.0,4.0,1.5,6.5,-155.0
401803452,2026-03-21 20:00:00+00:00,2026,Minnesota Wild,1,1,2.0,1.0,1.5,5.5,-135.0
401803452,2026-03-21 20:00:00+00:00,2026,Dallas Stars,0,0,1.0,2.0,1.5,5.5,-135.0
401803453,2026-03-21 20:00:00+00:00,2026,Los Angeles Kings,1,0,1.0,4.0,1.5,6.5,-130.0
401803453,2026-03-21 20:00:00+00:00,2026,Buffalo Sabres,0,1,4.0,1.0,1.5,6.5,-130.0
401803454,2026-03-21 20:00:00+00:00,2026,San Jose Sharks,1,0,1.0,4.0,-1.5,5.5,-122.0
401803454,2026-03-21 20:00:00+00:00,2026,Philadelphia Flyers,0,1,4.0,1.0,-1.5,5.5,-122.0
401803455,2026-03-21 21:00:00+00:00,2026,Columbus Blue Jackets,1,1,5.0,2.0,-1.5,6.5,-180.0
401803455,2026-03-21 21:00:00+00:00,2026,Seattle Kraken,0,0,2.0,5.0,-1.5,6.5,-180.0
401803456,2026-03-21 23:00:00+00:00,2026,Montreal Canadiens,1,1,7.0,3.0,-1.5,6.5,-120.0
401803456,2026-03-21 23:00:00+00:00,2026,New York Islanders,0,0,3.0,7.0,-1.5,6.5,-120.0
401803457,2026-03-21 23:00:00+00:00,2026,Ottawa Senators,1,1,5.0,2.0,-1.5,6.5,-325.0
401803457,2026-03-21 23:00:00+00:00,2026,Toronto Maple Leafs,0,0,2.0,5.0,-1.5,6.5,-325.0
401803458,2026-03-21 23:00:00+00:00,2026,Vancouver Canucks,1,0,1.0,3.0,1.5,5.5,-148.0
401803458,2026-03-21 23:00:00+00:00,2026,St. Louis Blues,0,1,3.0,1.0,1.5,5.5,-148.0
401803459,2026-03-22 00:00:00+00:00,2026,Detroit Red Wings,1,0,2.0,4.0,-1.5,5.5,-120.0
401803459,2026-03-22 00:00:00+00:00,2026,Boston Bruins,0,1,4.0,2.0,-1.5,5.5,-120.0
401803460,2026-03-22 02:00:00+00:00,2026,Edmonton Oilers,1,0,2.0,5.0,1.5,6.5,-135.0
401803460,2026-03-22 02:00:00+00:00,2026,Tampa Bay Lightning,0,1,5.0,2.0,1.5,6.5,-135.0
401803461,2026-03-22 16:00:00+00:00,2026,New York Rangers,1,0,2.0,3.0,-1.5,6.5,-115.0
401803461,2026-03-22 16:00:00+00:00,2026,Winnipeg Jets,0,1,3.0,2.0,-1.5,6.5,-115.0
401803462,2026-03-22 16:30:00+00:00,2026,Washington Capitals,1,0,2.0,3.0,1.5,6.5,-162.0
401803462,2026-03-22 16:30:00+00:00,2026,Colorado Avalanche,0,1,3.0,2.0,1.5,6.5,-162.0
401803463,2026-03-22 19:00:00+00:00,2026,Pittsburgh Penguins,1,0,1.0,5.0,1.5,6.5,-142.0
401803463,2026-03-22 19:00:00+00:00,2026,Carolina Hurricanes,0,1,5.0,1.0,1.5,6.5,-142.0
401803464,2026-03-22 19:00:00+00:00,2026,Chicago Blackhawks,1,0,2.0,3.0,1.5,5.5,-115.0
401803464,2026-03-22 19:00:00+00:00,2026,Nashville Predators,0,1,3.0,2.0,1.5,5.5,-115.0
401803465,2026-03-22 23:00:00+00:00,2026,New York Islanders,1,1,1.0,0.0,1.5,6.5,-125.0
401803465,2026-03-22 23:00:00+00:00,2026,Columbus Blue Jackets,0,0,0.0,1.0,1.5,6.5,-125.0
401803466,2026-03-22 23:00:00+00:00,2026,Dallas Stars,1,0,2.0,3.0,-1.5,5.5,-135.0
401803466,2026-03-22 23:00:00+00:00,2026,Vegas Golden Knights,0,1,3.0,2.0,-1.5,5.5,-135.0
401803467,2026-03-23 00:00:00+00:00,2026,Calgary Flames,1,1,4.0,3.0,1.5,6.5,-175.0
401803467,2026-03-23 00:00:00+00:00,2026,Tampa Bay Lightning,0,0,3.0,4.0,1.5,6.5,-175.0
401803468,2026-03-23 00:00:00+00:00,2026,Anaheim Ducks,1,1,6.0,5.0,-1.5,6.5,-102.0
401803468,2026-03-23 00:00:00+00:00,2026,Buffalo Sabres,0,0,5.0,6.0,-1.5,6.5,-102.0
401803469,2026-03-23 01:00:00+00:00,2026,Utah Mammoth,1,1,4.0,3.0,-1.5,5.5,-175.0
401803469,2026-03-23 01:00:00+00:00,2026,Los Angeles Kings,0,0,3.0,4.0,-1.5,5.5,-175.0
401803470,2026-03-23 23:30:00+00:00,2026,New York Rangers,1,0,1.0,2.0,1.5,5.5,-192.0
401803470,2026-03-23 23:30:00+00:00,2026,Ottawa Senators,0,1,2.0,1.0,1.5,5.5,-192.0
401803471,2026-03-24 23:00:00+00:00,2026,Boston Bruins,1,0,2.0,4.0,-1.5,6.5,-205.0
401803471,2026-03-24 23:00:00+00:00,2026,Toronto Maple Leafs,0,1,4.0,2.0,-1.5,6.5,-205.0
401803472,2026-03-24 23:00:00+00:00,2026,Montreal Canadiens,1,1,5.0,2.0,1.5,6.5,-125.0
401803472,2026-03-24 23:00:00+00:00,2026,Carolina Hurricanes,0,0,2.0,5.0,1.5,6.5,-125.0
401803473,2026-03-24 23:00:00+00:00,2026,Detroit Red Wings,1,0,2.0,3.0,-1.5,5.5,-135.0
401803473,2026-03-24 23:00:00+00:00,2026,Ottawa Senators,0,1,3.0,2.0,-1.5,5.5,-135.0
401803474,2026-03-24 23:00:00+00:00,2026,Florida Panthers,1,1,5.0,4.0,-1.5,5.5,-130.0
401803474,2026-03-24 23:00:00+00:00,2026,Seattle Kraken,0,0,4.0,5.0,-1.5,5.5,-130.0
401803475,2026-03-24 23:00:00+00:00,2026,New York Islanders,1,0,3.0,4.0,-1.5,5.5,-166.0
401803475,2026-03-24 23:00:00+00:00,2026,Chicago Blackhawks,0,1,4.0,3.0,-1.5,5.5,-166.0
401803476,2026-03-24 23:00:00+00:00,2026,Philadelphia Flyers,1,0,2.0,3.0,1.5,5.5,-135.0
401803476,2026-03-24 23:00:00+00:00,2026,Columbus Blue Jackets,0,1,3.0,2.0,1.5,5.5,-135.0
401803477,2026-03-24 23:00:00+00:00,2026,Pittsburgh Penguins,1,0,2.0,6.0,1.5,6.5,-175.0
401803477,2026-03-24 23:00:00+00:00,2026,Colorado Avalanche,0,1,6.0,2.0,1.5,6.5,-175.0
401803478,2026-03-24 23:30:00+00:00,2026,Tampa Bay Lightning,1,1,6.0,3.0,-1.5,6.5,-148.0
401803478,2026-03-24 23:30:00+00:00,2026,Minnesota Wild,0,0,3.0,6.0,-1.5,6.5,-148.0
401803479,2026-03-25 00:00:00+00:00,2026,St. Louis Blues,1,1,3.0,0.0,-1.5,5.5,-105.0
401803479,2026-03-25 00:00:00+00:00,2026,Washington Capitals,0,0,0.0,3.0,-1.5,5.5,-105.0
401803480,2026-03-25 00:00:00+00:00,2026,Nashville Predators,1,1,6.0,3.0,-1.5,6.5,-142.0
401803480,2026-03-25 00:00:00+00:00,2026,San Jose Sharks,0,0,3.0,6.0,-1.5,6.5,-142.0
401803481,2026-03-25 00:00:00+00:00,2026,Dallas Stars,1,0,4.0,6.0,-1.5,5.5,-162.0
401803481,2026-03-25 00:00:00+00:00,2026,New Jersey Devils,0,1,6.0,4.0,-1.5,5.5,-162.0
401803482,2026-03-25 00:00:00+00:00,2026,Winnipeg Jets,1,1,4.0,1.0,1.5,5.5,-135.0
401803482,2026-03-25 00:00:00+00:00,2026,Vegas Golden Knights,0,0,1.0,4.0,1.5,5.5,-135.0
401803484,2026-03-25 01:00:00+00:00,2026,Calgary Flames,1,1,3.0,2.0,1.5,5.5,-148.0
401803484,2026-03-25 01:00:00+00:00,2026,Los Angeles Kings,0,0,2.0,3.0,1.5,5.5,-148.0
401803483,2026-03-25 01:30:00+00:00,2026,Utah Mammoth,1,0,2.0,5.0,-1.5,6.5,-135.0
401803483,2026-03-25 01:30:00+00:00,2026,Edmonton Oilers,0,1,5.0,2.0,-1.5,6.5,-135.0
401803485,2026-03-25 02:00:00+00:00,2026,Vancouver Canucks,1,0,3.0,5.0,1.5,6.5,-180.0
401803485,2026-03-25 02:00:00+00:00,2026,Anaheim Ducks,0,1,5.0,3.0,1.5,6.5,-180.0
401803486,2026-03-25 23:30:00+00:00,2026,Buffalo Sabres,1,0,3.0,4.0,-1.5,6.5,-205.0
401803486,2026-03-25 23:30:00+00:00,2026,Boston Bruins,0,1,4.0,3.0,-1.5,6.5,-205.0
401803487,2026-03-25 23:30:00+00:00,2026,Toronto Maple Leafs,1,1,4.0,3.0,1.5,6.5,-130.0
401803487,2026-03-25 23:30:00+00:00,2026,New York Rangers,0,0,3.0,4.0,1.5,6.5,-130.0
401803488,2026-03-26 23:00:00+00:00,2026,Montreal Canadiens,1,1,2.0,1.0,-1.5,6.5,-112.0
401803488,2026-03-26 23:00:00+00:00,2026,Columbus Blue Jackets,0,0,1.0,2.0,-1.5,6.5,-112.0
401803489,2026-03-26 23:00:00+00:00,2026,Ottawa Senators,1,0,3.0,4.0,-1.5,6.5,-148.0
401803489,2026-03-26 23:00:00+00:00,2026,Pittsburgh Penguins,0,1,4.0,3.0,-1.5,6.5,-148.0
401803490,2026-03-26 23:00:00+00:00,2026,Tampa Bay Lightning,1,0,3.0,4.0,-1.5,6.5,-290.0
401803490,2026-03-26 23:00:00+00:00,2026,Seattle Kraken,0,1,4.0,3.0,-1.5,6.5,-290.0
401803491,2026-03-26 23:00:00+00:00,2026,Florida Panthers,1,0,2.0,3.0,1.5,6.5,-166.0
401803491,2026-03-26 23:00:00+00:00,2026,Minnesota Wild,0,1,3.0,2.0,1.5,6.5,-166.0
401803492,2026-03-26 23:00:00+00:00,2026,New York Islanders,1,1,2.0,1.0,1.5,5.5,-118.0
401803492,2026-03-26 23:00:00+00:00,2026,Dallas Stars,0,0,1.0,2.0,1.5,5.5,-118.0
401803493,2026-03-26 23:00:00+00:00,2026,Philadelphia Flyers,1,1,5.0,1.0,-1.5,5.5,-142.0
401803493,2026-03-26 23:00:00+00:00,2026,Chicago Blackhawks,0,0,1.0,5.0,-1.5,5.5,-142.0
401803494,2026-03-27 00:00:00+00:00,2026,St. Louis Blues,1,1,2.0,1.0,-1.5,5.5,-130.0
401803494,2026-03-27 00:00:00+00:00,2026,San Jose Sharks,0,0,1.0,2.0,-1.5,5.5,-130.0
401803495,2026-03-27 00:00:00+00:00,2026,Nashville Predators,1,0,2.0,4.0,-1.5,6.5,-112.0
401803495,2026-03-27 00:00:00+00:00,2026,New Jersey Devils,0,1,4.0,2.0,-1.5,6.5,-112.0
401803496,2026-03-27 00:00:00+00:00,2026,Winnipeg Jets,1,0,2.0,3.0,1.5,5.5,-185.0
401803496,2026-03-27 00:00:00+00:00,2026,Colorado Avalanche,0,1,3.0,2.0,1.5,5.5,-185.0
401803497,2026-03-27 01:00:00+00:00,2026,Utah Mammoth,1,0,4.0,7.0,-1.5,5.5,-135.0
401803497,2026-03-27 01:00:00+00:00,2026,Washington Capitals,0,1,7.0,4.0,-1.5,5.5,-135.0
401803498,2026-03-27 01:00:00+00:00,2026,Calgary Flames,1,0,2.0,3.0,1.5,6.5,-135.0
401803498,2026-03-27 01:00:00+00:00,2026,Anaheim Ducks,0,1,3.0,2.0,1.5,6.5,-135.0
401803499,2026-03-27 01:30:00+00:00,2026,Vegas Golden Knights,1,0,3.0,4.0,-1.5,6.5,-142.0
401803499,2026-03-27 01:30:00+00:00,2026,Edmonton Oilers,0,1,4.0,3.0,-1.5,6.5,-142.0
401803500,2026-03-27 02:00:00+00:00,2026,Vancouver Canucks,1,0,0.0,4.0,1.5,5.5,-175.0
401803500,2026-03-27 02:00:00+00:00,2026,Los Angeles Kings,0,1,4.0,0.0,1.5,5.5,-175.0
401803501,2026-03-27 23:00:00+00:00,2026,Buffalo Sabres,1,0,2.0,5.0,-1.5,6.5,-142.0
401803501,2026-03-27 23:00:00+00:00,2026,Detroit Red Wings,0,1,5.0,2.0,-1.5,6.5,-142.0
401803502,2026-03-27 23:00:00+00:00,2026,New York Rangers,1,1,6.0,1.0,-1.5,6.5,-175.0
401803502,2026-03-27 23:00:00+00:00,2026,Chicago Blackhawks,0,0,1.0,6.0,-1.5,6.5,-175.0
401803503,2026-03-28 17:00:00+00:00,2026,Tampa Bay Lightning,1,1,4.0,2.0,-1.5,6.5,-135.0
401803503,2026-03-28 17:00:00+00:00,2026,Ottawa Senators,0,0,2.0,4.0,-1.5,6.5,-135.0
401803504,2026-03-28 17:00:00+00:00,2026,New York Islanders,1,1,5.0,2.0,-1.5,5.5,-205.0
401803504,2026-03-28 17:00:00+00:00,2026,Florida Panthers,0,0,2.0,5.0,-1.5,5.5,-205.0
401803505,2026-03-28 19:30:00+00:00,2026,Edmonton Oilers,1,1,4.0,2.0,-1.5,6.5,-148.0
401803505,2026-03-28 19:30:00+00:00,2026,Anaheim Ducks,0,0,2.0,4.0,-1.5,6.5,-148.0
401803506,2026-03-28 21:00:00+00:00,2026,Boston Bruins,1,1,6.0,3.0,1.5,6.5,-115.0
401803506,2026-03-28 21:00:00+00:00,2026,Minnesota Wild,0,0,3.0,6.0,1.5,6.5,-115.0
401803507,2026-03-28 21:00:00+00:00,2026,Pittsburgh Penguins,1,0,3.0,6.0,1.5,6.5,-130.0
401803507,2026-03-28 21:00:00+00:00,2026,Dallas Stars,0,1,6.0,3.0,1.5,6.5,-130.0
401803508,2026-03-28 21:00:00+00:00,2026,Carolina Hurricanes,1,1,5.0,2.0,-1.5,6.5,-205.0
401803508,2026-03-28 21:00:00+00:00,2026,New Jersey Devils,0,0,2.0,5.0,-1.5,6.5,-205.0
401803509,2026-03-28 21:00:00+00:00,2026,Columbus Blue Jackets,1,0,2.0,3.0,-1.5,6.5,-185.0
401803509,2026-03-28 21:00:00+00:00,2026,San Jose Sharks,0,1,3.0,2.0,-1.5,6.5,-185.0
401803510,2026-03-28 21:30:00+00:00,2026,Buffalo Sabres,1,1,3.0,2.0,-1.5,6.5,-198.0
401803510,2026-03-28 21:30:00+00:00,2026,Seattle Kraken,0,0,2.0,3.0,-1.5,6.5,-198.0
401803511,2026-03-28 23:00:00+00:00,2026,St. Louis Blues,1,1,5.0,1.0,-1.5,5.5,-148.0
401803511,2026-03-28 23:00:00+00:00,2026,Toronto Maple Leafs,0,0,1.0,5.0,-1.5,5.5,-148.0
401803512,2026-03-28 23:00:00+00:00,2026,Nashville Predators,1,0,1.0,4.0,1.5,6.5,-115.0
401803512,2026-03-28 23:00:00+00:00,2026,Montreal Canadiens,0,1,4.0,1.0,1.5,6.5,-115.0
401803513,2026-03-28 23:00:00+00:00,2026,Colorado Avalanche,1,0,2.0,4.0,-1.5,5.5,-270.0
401803513,2026-03-28 23:00:00+00:00,2026,Winnipeg Jets,0,1,4.0,2.0,-1.5,5.5,-270.0
401803514,2026-03-29 00:00:00+00:00,2026,Detroit Red Wings,1,0,3.0,5.0,-1.5,5.5,-130.0
401803514,2026-03-29 00:00:00+00:00,2026,Philadelphia Flyers,0,1,5.0,3.0,-1.5,5.5,-130.0
401803515,2026-03-29 01:00:00+00:00,2026,Los Angeles Kings,1,0,2.0,6.0,-1.5,5.5,-115.0
401803515,2026-03-29 01:00:00+00:00,2026,Utah Mammoth,0,1,6.0,2.0,-1.5,5.5,-115.0
401803516,2026-03-29 02:00:00+00:00,2026,Calgary Flames,1,1,7.0,3.0,-1.5,6.5,-162.0
401803516,2026-03-29 02:00:00+00:00,2026,Vancouver Canucks,0,0,3.0,7.0,-1.5,6.5,-162.0
401803517,2026-03-29 02:30:00+00:00,2026,Vegas Golden Knights,1,0,4.0,5.0,-1.5,6.5,-155.0
401803517,2026-03-29 02:30:00+00:00,2026,Washington Capitals,0,1,5.0,4.0,-1.5,6.5,-155.0
401803518,2026-03-29 17:00:00+00:00,2026,New York Rangers,1,1,3.0,1.0,-1.5,5.5,-185.0
401803518,2026-03-29 17:00:00+00:00,2026,Florida Panthers,0,0,1.0,3.0,-1.5,5.5,-185.0
401803519,2026-03-29 21:00:00+00:00,2026,Tampa Bay Lightning,1,1,3.0,2.0,-1.5,6.5,-185.0
401803519,2026-03-29 21:00:00+00:00,2026,Nashville Predators,0,0,2.0,3.0,-1.5,6.5,-185.0
401803520,2026-03-29 21:00:00+00:00,2026,Carolina Hurricanes,1,0,1.0,3.0,-1.5,6.5,-175.0
401803520,2026-03-29 21:00:00+00:00,2026,Montreal Canadiens,0,1,3.0,1.0,-1.5,6.5,-175.0
401803521,2026-03-29 21:00:00+00:00,2026,Columbus Blue Jackets,1,0,3.0,4.0,-1.5,6.5,-162.0
401803521,2026-03-29 21:00:00+00:00,2026,Boston Bruins,0,1,4.0,3.0,-1.5,6.5,-162.0
401803522,2026-03-29 23:00:00+00:00,2026,New Jersey Devils,1,1,5.0,3.0,-1.5,5.5,-170.0
401803522,2026-03-29 23:00:00+00:00,2026,Chicago Blackhawks,0,0,3.0,5.0,-1.5,5.5,-170.0
401803523,2026-03-29 23:00:00+00:00,2026,Philadelphia Flyers,1,1,2.0,1.0,1.5,5.5,-175.0
401803523,2026-03-29 23:00:00+00:00,2026,Dallas Stars,0,0,1.0,2.0,1.5,5.5,-175.0
401803524,2026-03-30 23:00:00+00:00,2026,New York Islanders,1,0,3.0,8.0,-1.5,6.5,-130.0
401803524,2026-03-30 23:00:00+00:00,2026,Pittsburgh Penguins,0,1,8.0,3.0,-1.5,6.5,-130.0
401803525,2026-03-31 00:30:00+00:00,2026,Colorado Avalanche,1,1,9.0,2.0,-1.5,6.5,-395.0
401803525,2026-03-31 00:30:00+00:00,2026,Calgary Flames,0,0,2.0,9.0,-1.5,6.5,-395.0
401803526,2026-03-31 02:00:00+00:00,2026,Vegas Golden Knights,1,1,4.0,2.0,-1.5,6.5,-360.0
401803526,2026-03-31 02:00:00+00:00,2026,Vancouver Canucks,0,0,2.0,4.0,-1.5,6.5,-360.0
401803527,2026-03-31 02:00:00+00:00,2026,Anaheim Ducks,1,0,4.0,5.0,-1.5,6.5,-192.0
401803527,2026-03-31 02:00:00+00:00,2026,Toronto Maple Leafs,0,1,5.0,4.0,-1.5,6.5,-192.0
401803528,2026-03-31 02:00:00+00:00,2026,San Jose Sharks,1,1,5.0,4.0,1.5,5.5,-110.0
401803528,2026-03-31 02:00:00+00:00,2026,St. Louis Blues,0,0,4.0,5.0,1.5,5.5,-110.0
401803529,2026-03-31 23:00:00+00:00,2026,Boston Bruins,1,1,6.0,3.0,1.5,6.5,-130.0
401803529,2026-03-31 23:00:00+00:00,2026,Dallas Stars,0,0,3.0,6.0,1.5,6.5,-130.0
401803530,2026-03-31 23:00:00+00:00,2026,Buffalo Sabres,1,1,4.0,3.0,-1.5,6.5,-175.0
401803530,2026-03-31 23:00:00+00:00,2026,New York Islanders,0,0,3.0,4.0,-1.5,6.5,-175.0
401803531,2026-03-31 23:00:00+00:00,2026,Tampa Bay Lightning,1,0,1.0,4.0,-1.5,6.5,-170.0
401803531,2026-03-31 23:00:00+00:00,2026,Montreal Canadiens,0,1,4.0,1.0,-1.5,6.5,-170.0
401803532,2026-03-31 23:00:00+00:00,2026,Florida Panthers,1,1,6.0,3.0,1.5,5.5,-180.0
401803532,2026-03-31 23:00:00+00:00,2026,Ottawa Senators,0,0,3.0,6.0,1.5,5.5,-180.0
401803533,2026-03-31 23:00:00+00:00,2026,New York Rangers,1,1,4.0,1.0,1.5,6.5,-125.0
401803533,2026-03-31 23:00:00+00:00,2026,New Jersey Devils,0,0,1.0,4.0,1.5,6.5,-125.0
401803534,2026-03-31 23:00:00+00:00,2026,Pittsburgh Penguins,1,1,5.0,1.0,1.5,6.5,-108.0
401803534,2026-03-31 23:00:00+00:00,2026,Detroit Red Wings,0,0,1.0,5.0,1.5,6.5,-108.0
401803535,2026-03-31 23:00:00+00:00,2026,Washington Capitals,1,1,6.0,4.0,-1.5,5.5,-125.0
401803535,2026-03-31 23:00:00+00:00,2026,Philadelphia Flyers,0,0,4.0,6.0,-1.5,5.5,-125.0
401803536,2026-03-31 23:30:00+00:00,2026,Columbus Blue Jackets,1,0,2.0,5.0,1.5,6.5,-130.0
401803536,2026-03-31 23:30:00+00:00,2026,Carolina Hurricanes,0,1,5.0,2.0,1.5,6.5,-130.0
401803537,2026-04-01 00:30:00+00:00,2026,Chicago Blackhawks,1,0,3.0,4.0,1.5,5.5,-155.0
401803537,2026-04-01 00:30:00+00:00,2026,Winnipeg Jets,0,1,4.0,3.0,1.5,5.5,-155.0
401803538,2026-04-01 01:00:00+00:00,2026,Edmonton Oilers,1,1,3.0,0.0,-1.5,6.5,-185.0
401803538,2026-04-01 01:00:00+00:00,2026,Seattle Kraken,0,0,0.0,3.0,-1.5,6.5,-185.0
401803539,2026-04-02 00:30:00+00:00,2026,Colorado Avalanche,1,0,6.0,8.0,-1.5,6.5,-470.0
401803539,2026-04-02 00:30:00+00:00,2026,Vancouver Canucks,0,1,8.0,6.0,-1.5,6.5,-470.0
401803540,2026-04-02 01:00:00+00:00,2026,Los Angeles Kings,1,1,2.0,1.0,-1.5,5.5,-155.0
401803540,2026-04-02 01:00:00+00:00,2026,St. Louis Blues,0,0,1.0,2.0,-1.5,5.5,-155.0
401803541,2026-04-02 01:00:00+00:00,2026,San Jose Sharks,1,1,4.0,3.0,1.5,6.5,-112.0
401803541,2026-04-02 01:00:00+00:00,2026,Anaheim Ducks,0,0,3.0,4.0,1.5,6.5,-112.0
401803542,2026-04-02 23:00:00+00:00,2026,Ottawa Senators,1,1,4.0,1.0,-1.5,6.5,-120.0
401803542,2026-04-02 23:00:00+00:00,2026,Buffalo Sabres,0,0,1.0,4.0,-1.5,6.5,-120.0
401803543,2026-04-02 23:00:00+00:00,2026,Tampa Bay Lightning,1,1,6.0,3.0,-1.5,6.5,-162.0
401803543,2026-04-02 23:00:00+00:00,2026,Pittsburgh Penguins,0,0,3.0,6.0,-1.5,6.5,-162.0
401803544,2026-04-02 23:00:00+00:00,2026,Florida Panthers,1,1,2.0,1.0,1.5,6.5,-162.0
401803544,2026-04-02 23:00:00+00:00,2026,Boston Bruins,0,0,1.0,2.0,1.5,6.5,-162.0
401803546,2026-04-02 23:00:00+00:00,2026,New York Rangers,1,0,2.0,3.0,1.5,6.5,-125.0
401803546,2026-04-02 23:00:00+00:00,2026,Montreal Canadiens,0,1,3.0,2.0,1.5,6.5,-125.0
401803547,2026-04-02 23:00:00+00:00,2026,Philadelphia Flyers,1,0,2.0,4.0,-1.5,5.5,-108.0
401803547,2026-04-02 23:00:00+00:00,2026,Detroit Red Wings,0,1,4.0,2.0,-1.5,5.5,-108.0
401803548,2026-04-02 23:00:00+00:00,2026,Carolina Hurricanes,1,1,5.0,1.0,-1.5,6.5,-198.0
401803548,2026-04-02 23:00:00+00:00,2026,Columbus Blue Jackets,0,0,1.0,5.0,-1.5,6.5,-198.0
401803545,2026-04-02 23:30:00+00:00,2026,New Jersey Devils,1,1,7.0,3.0,-1.5,6.5,-120.0
401803545,2026-04-02 23:30:00+00:00,2026,Washington Capitals,0,0,3.0,7.0,-1.5,6.5,-120.0
401803549,2026-04-03 00:00:00+00:00,2026,Dallas Stars,1,1,3.0,0.0,-1.5,5.5,-155.0
401803549,2026-04-03 00:00:00+00:00,2026,Winnipeg Jets,0,0,0.0,3.0,-1.5,5.5,-155.0
401803550,2026-04-03 00:00:00+00:00,2026,Minnesota Wild,1,1,5.0,2.0,-1.5,6.5,-425.0
401803550,2026-04-03 00:00:00+00:00,2026,Vancouver Canucks,0,0,2.0,5.0,-1.5,6.5,-425.0
401803551,2026-04-03 01:00:00+00:00,2026,Edmonton Oilers,1,1,3.0,1.0,-1.5,6.5,-230.0
401803551,2026-04-03 01:00:00+00:00,2026,Chicago Blackhawks,0,0,1.0,3.0,-1.5,6.5,-230.0
401803552,2026-04-03 02:00:00+00:00,2026,Vegas Golden Knights,1,1,6.0,3.0,-1.5,6.5,-238.0
401803552,2026-04-03 02:00:00+00:00,2026,Calgary Flames,0,0,3.0,6.0,-1.5,6.5,-238.0
401803553,2026-04-03 02:00:00+00:00,2026,San Jose Sharks,1,1,4.0,1.0,-1.5,6.5,-135.0
401803553,2026-04-03 02:00:00+00:00,2026,Toronto Maple Leafs,0,0,1.0,4.0,-1.5,6.5,-135.0
401803554,2026-04-03 02:00:00+00:00,2026,Seattle Kraken,1,0,2.0,6.0,1.5,6.5,-142.0
401803554,2026-04-03 02:00:00+00:00,2026,Utah Mammoth,0,1,6.0,2.0,1.5,6.5,-142.0
401803555,2026-04-03 02:30:00+00:00,2026,Los Angeles Kings,1,0,4.0,5.0,-1.5,5.5,-125.0
401803555,2026-04-03 02:30:00+00:00,2026,Nashville Predators,0,1,5.0,4.0,-1.5,5.5,-125.0
401803556,2026-04-03 23:00:00+00:00,2026,New York Islanders,1,0,1.0,4.0,-1.5,5.5,-155.0
401803556,2026-04-03 23:00:00+00:00,2026,Philadelphia Flyers,0,1,4.0,1.0,-1.5,5.5,-155.0
401803557,2026-04-04 02:00:00+00:00,2026,Anaheim Ducks,1,0,2.0,6.0,-1.5,6.5,-142.0
401803557,2026-04-04 02:00:00+00:00,2026,St. Louis Blues,0,1,6.0,2.0,-1.5,6.5,-142.0
401803558,2026-04-04 16:30:00+00:00,2026,New York Rangers,1,1,4.0,1.0,1.5,6.5,-148.0
401803558,2026-04-04 16:30:00+00:00,2026,Detroit Red Wings,0,0,1.0,4.0,1.5,6.5,-148.0
401803559,2026-04-04 17:00:00+00:00,2026,Ottawa Senators,1,0,1.0,4.0,-1.5,6.5,-130.0
401803559,2026-04-04 17:00:00+00:00,2026,Minnesota Wild,0,1,4.0,1.0,-1.5,6.5,-130.0
401803560,2026-04-04 19:00:00+00:00,2026,Dallas Stars,1,0,0.0,2.0,1.5,6.5,-120.0
401803560,2026-04-04 19:00:00+00:00,2026,Colorado Avalanche,0,1,2.0,0.0,1.5,6.5,-120.0
401803561,2026-04-04 21:00:00+00:00,2026,Tampa Bay Lightning,1,1,3.0,1.0,-1.5,6.5,-175.0
401803561,2026-04-04 21:00:00+00:00,2026,Boston Bruins,0,0,1.0,3.0,-1.5,6.5,-175.0
401803562,2026-04-04 21:00:00+00:00,2026,Pittsburgh Penguins,1,1,9.0,4.0,-1.5,6.5,-245.0
401803562,2026-04-04 21:00:00+00:00,2026,Florida Panthers,0,0,4.0,9.0,-1.5,6.5,-245.0
401803563,2026-04-04 23:00:00+00:00,2026,New Jersey Devils,1,0,3.0,4.0,1.5,6.5,-125.0
401803563,2026-04-04 23:00:00+00:00,2026,Montreal Canadiens,0,1,4.0,3.0,1.5,6.5,-125.0
401803564,2026-04-04 23:00:00+00:00,2026,Washington Capitals,1,1,6.0,2.0,1.5,6.5,-115.0
401803564,2026-04-04 23:00:00+00:00,2026,Buffalo Sabres,0,0,2.0,6.0,1.5,6.5,-115.0
401803565,2026-04-04 23:00:00+00:00,2026,Carolina Hurricanes,1,1,4.0,3.0,-1.5,6.5,-258.0
401803565,2026-04-04 23:00:00+00:00,2026,New York Islanders,0,0,3.0,4.0,-1.5,6.5,-258.0
401803566,2026-04-04 23:00:00+00:00,2026,Columbus Blue Jackets,1,0,1.0,2.0,-1.5,5.5,-148.0
401803566,2026-04-04 23:00:00+00:00,2026,Winnipeg Jets,0,1,2.0,1.0,-1.5,5.5,-148.0
401803567,2026-04-04 23:00:00+00:00,2026,Vancouver Canucks,1,0,4.0,7.0,1.5,6.5,-230.0
401803567,2026-04-04 23:00:00+00:00,2026,Utah Mammoth,0,1,7.0,4.0,1.5,6.5,-230.0
401803568,2026-04-04 23:00:00+00:00,2026,Los Angeles Kings,1,1,7.0,6.0,-1.5,6.5,-205.0
401803568,2026-04-04 23:00:00+00:00,2026,Toronto Maple Leafs,0,0,6.0,7.0,-1.5,6.5,-205.0
401803569,2026-04-05 02:00:00+00:00,2026,Edmonton Oilers,1,0,1.0,5.0,-1.5,6.5,-110.0
401803569,2026-04-05 02:00:00+00:00,2026,Vegas Golden Knights,0,1,5.0,1.0,-1.5,6.5,-110.0
401803570,2026-04-05 02:00:00+00:00,2026,Anaheim Ducks,1,0,3.0,5.0,-1.5,6.5,-155.0
401803570,2026-04-05 02:00:00+00:00,2026,Calgary Flames,0,1,5.0,3.0,-1.5,6.5,-155.0
401803571,2026-04-05 02:00:00+00:00,2026,San Jose Sharks,1,0,3.0,6.0,-1.5,6.5,-120.0
401803571,2026-04-05 02:00:00+00:00,2026,Nashville Predators,0,1,6.0,3.0,-1.5,6.5,-120.0
401803572,2026-04-05 02:00:00+00:00,2026,Seattle Kraken,1,0,2.0,4.0,-1.5,6.5,-170.0
401803572,2026-04-05 02:00:00+00:00,2026,Chicago Blackhawks,0,1,4.0,2.0,-1.5,6.5,-170.0
401803573,2026-04-05 17:00:00+00:00,2026,Detroit Red Wings,1,0,4.0,5.0,1.5,6.5,-135.0
401803573,2026-04-05 17:00:00+00:00,2026,Minnesota Wild,0,1,5.0,4.0,1.5,6.5,-135.0
401803574,2026-04-05 19:00:00+00:00,2026,Pittsburgh Penguins,1,1,5.0,2.0,-1.5,6.5,-250.0
401803574,2026-04-05 19:00:00+00:00,2026,Florida Panthers,0,0,2.0,5.0,-1.5,6.5,-250.0
401803575,2026-04-05 19:30:00+00:00,2026,Philadelphia Flyers,1,1,2.0,1.0,-1.5,5.5,-162.0
401803575,2026-04-05 19:30:00+00:00,2026,Boston Bruins,0,0,1.0,2.0,-1.5,5.5,-162.0
401803576,2026-04-05 21:00:00+00:00,2026,Ottawa Senators,1,1,6.0,3.0,1.5,6.5,-120.0
401803576,2026-04-05 21:00:00+00:00,2026,Carolina Hurricanes,0,0,3.0,6.0,1.5,6.5,-120.0
401803577,2026-04-05 23:00:00+00:00,2026,Montreal Canadiens,1,0,0.0,3.0,-1.5,6.5,-148.0
401803577,2026-04-05 23:00:00+00:00,2026,New Jersey Devils,0,1,3.0,0.0,-1.5,6.5,-148.0
401803578,2026-04-05 23:00:00+00:00,2026,New York Rangers,1,1,8.0,1.0,1.5,6.5,-115.0
401803578,2026-04-05 23:00:00+00:00,2026,Washington Capitals,0,0,1.0,8.0,1.5,6.5,-115.0
401803579,2026-04-06 01:45:00+00:00,2026,Colorado Avalanche,1,0,2.0,3.0,-1.5,5.5,-198.0
401803579,2026-04-06 01:45:00+00:00,2026,St. Louis Blues,0,1,3.0,2.0,-1.5,5.5,-198.0
401803580,2026-04-06 23:00:00+00:00,2026,Buffalo Sabres,1,1,4.0,2.0,1.5,6.5,-122.0
401803580,2026-04-06 23:00:00+00:00,2026,Tampa Bay Lightning,0,0,2.0,4.0,1.5,6.5,-122.0
401803581,2026-04-06 23:30:00+00:00,2026,Winnipeg Jets,1,1,6.0,2.0,-1.5,5.5,-166.0
401803581,2026-04-06 23:30:00+00:00,2026,Seattle Kraken,0,0,2.0,6.0,-1.5,5.5,-166.0
401803582,2026-04-07 02:00:00+00:00,2026,San Jose Sharks,1,1,3.0,2.0,-1.5,6.5,-162.0
401803582,2026-04-07 02:00:00+00:00,2026,Chicago Blackhawks,0,0,2.0,3.0,-1.5,6.5,-162.0
401803583,2026-04-07 02:30:00+00:00,2026,Los Angeles Kings,1,1,3.0,2.0,-1.5,5.5,-135.0
401803583,2026-04-07 02:30:00+00:00,2026,Nashville Predators,0,0,2.0,3.0,-1.5,5.5,-135.0
401803584,2026-04-07 23:00:00+00:00,2026,Montreal Canadiens,1,1,4.0,3.0,-1.5,6.5,-290.0
401803584,2026-04-07 23:00:00+00:00,2026,Florida Panthers,0,0,3.0,4.0,-1.5,6.5,-290.0
401803585,2026-04-07 23:00:00+00:00,2026,Ottawa Senators,1,1,6.0,2.0,-1.5,6.5,-142.0
401803585,2026-04-07 23:00:00+00:00,2026,Tampa Bay Lightning,0,0,2.0,6.0,-1.5,6.5,-142.0
401803586,2026-04-07 23:00:00+00:00,2026,Detroit Red Wings,1,0,3.0,4.0,-1.5,5.5,-110.0
401803586,2026-04-07 23:00:00+00:00,2026,Columbus Blue Jackets,0,1,4.0,3.0,-1.5,5.5,-110.0
401803587,2026-04-07 23:00:00+00:00,2026,New Jersey Devils,1,0,1.0,5.0,-1.5,5.5,-125.0
401803587,2026-04-07 23:00:00+00:00,2026,Philadelphia Flyers,0,1,5.0,1.0,-1.5,5.5,-125.0
401803588,2026-04-07 23:00:00+00:00,2026,Carolina Hurricanes,1,1,6.0,5.0,-1.5,6.5,-185.0
401803588,2026-04-07 23:00:00+00:00,2026,Boston Bruins,0,0,5.0,6.0,-1.5,6.5,-185.0
401803589,2026-04-08 00:00:00+00:00,2026,St. Louis Blues,1,0,1.0,3.0,1.5,6.5,-155.0
401803589,2026-04-08 00:00:00+00:00,2026,Colorado Avalanche,0,1,3.0,1.0,1.5,6.5,-155.0
401803590,2026-04-08 00:00:00+00:00,2026,Dallas Stars,1,1,4.0,3.0,-1.5,5.5,-258.0
401803590,2026-04-08 00:00:00+00:00,2026,Calgary Flames,0,0,3.0,4.0,-1.5,5.5,-258.0
401803591,2026-04-08 00:00:00+00:00,2026,Minnesota Wild,1,1,5.0,2.0,-1.5,6.5,-270.0
401803591,2026-04-08 00:00:00+00:00,2026,Seattle Kraken,0,0,2.0,5.0,-1.5,6.5,-270.0
401803592,2026-04-08 01:30:00+00:00,2026,Utah Mammoth,1,1,6.0,5.0,-1.5,6.5,-135.0
401803592,2026-04-08 01:30:00+00:00,2026,Edmonton Oilers,0,0,5.0,6.0,-1.5,6.5,-135.0
401803593,2026-04-08 02:00:00+00:00,2026,Vancouver Canucks,1,0,1.0,2.0,1.5,6.5,-258.0
401803593,2026-04-08 02:00:00+00:00,2026,Vegas Golden Knights,0,1,2.0,1.0,1.5,6.5,-258.0
401803594,2026-04-08 02:00:00+00:00,2026,Anaheim Ducks,1,0,0.0,5.0,-1.5,6.5,-155.0
401803594,2026-04-08 02:00:00+00:00,2026,Nashville Predators,0,1,5.0,0.0,-1.5,6.5,-155.0
401803595,2026-04-08 23:00:00+00:00,2026,New York Rangers,1,0,3.0,5.0,1.5,6.5,-135.0
401803595,2026-04-08 23:00:00+00:00,2026,Buffalo Sabres,0,1,5.0,3.0,1.5,6.5,-135.0
401803596,2026-04-08 23:30:00+00:00,2026,Toronto Maple Leafs,1,0,0.0,4.0,1.5,6.5,-155.0
401803596,2026-04-08 23:30:00+00:00,2026,Washington Capitals,0,1,4.0,0.0,1.5,6.5,-155.0
401803597,2026-04-09 02:00:00+00:00,2026,San Jose Sharks,1,0,2.0,5.0,1.5,6.5,-108.0
401803597,2026-04-09 02:00:00+00:00,2026,Edmonton Oilers,0,1,5.0,2.0,1.5,6.5,-108.0
401803603,2026-04-09 22:45:00+00:00,2026,New York Islanders,1,1,5.0,3.0,-1.5,6.5,-305.0
401803603,2026-04-09 22:45:00+00:00,2026,Toronto Maple Leafs,0,0,3.0,5.0,-1.5,6.5,-305.0
401803598,2026-04-09 23:00:00+00:00,2026,Buffalo Sabres,1,1,5.0,0.0,-1.5,6.5,-102.0
401803598,2026-04-09 23:00:00+00:00,2026,Columbus Blue Jackets,0,0,0.0,5.0,-1.5,6.5,-102.0
401803599,2026-04-09 23:00:00+00:00,2026,Montreal Canadiens,1,1,2.0,1.0,1.5,6.5,-122.0
401803599,2026-04-09 23:00:00+00:00,2026,Tampa Bay Lightning,0,0,1.0,2.0,1.5,6.5,-122.0
401803600,2026-04-09 23:00:00+00:00,2026,Ottawa Senators,1,1,5.0,1.0,-1.5,6.5,-395.0
401803600,2026-04-09 23:00:00+00:00,2026,Florida Panthers,0,0,1.0,5.0,-1.5,6.5,-395.0
401803601,2026-04-09 23:00:00+00:00,2026,Detroit Red Wings,1,1,6.0,3.0,-1.5,5.5,-118.0
401803601,2026-04-09 23:00:00+00:00,2026,Philadelphia Flyers,0,0,3.0,6.0,-1.5,5.5,-118.0
401803602,2026-04-09 23:00:00+00:00,2026,New Jersey Devils,1,0,2.0,5.0,1.5,6.5,-112.0
401803602,2026-04-09 23:00:00+00:00,2026,Pittsburgh Penguins,0,1,5.0,2.0,1.5,6.5,-112.0
401803604,2026-04-10 00:00:00+00:00,2026,St. Louis Blues,1,0,2.0,3.0,-1.5,5.5,-115.0
401803604,2026-04-10 00:00:00+00:00,2026,Winnipeg Jets,0,1,3.0,2.0,-1.5,5.5,-115.0
401803606,2026-04-10 00:30:00+00:00,2026,Chicago Blackhawks,1,0,2.0,7.0,1.5,6.5,-185.0
401803606,2026-04-10 00:30:00+00:00,2026,Carolina Hurricanes,0,1,7.0,2.0,1.5,6.5,-185.0
401803605,2026-04-10 01:00:00+00:00,2026,Dallas Stars,1,1,5.0,4.0,-1.5,5.5,-122.0
401803605,2026-04-10 01:00:00+00:00,2026,Minnesota Wild,0,0,4.0,5.0,-1.5,5.5,-122.0
401803607,2026-04-10 01:00:00+00:00,2026,Colorado Avalanche,1,1,3.0,1.0,-1.5,6.5,-340.0
401803607,2026-04-10 01:00:00+00:00,2026,Calgary Flames,0,0,1.0,3.0,-1.5,6.5,-340.0
401803608,2026-04-10 01:00:00+00:00,2026,Utah Mammoth,1,1,4.0,1.0,-1.5,6.5,-180.0
401803608,2026-04-10 01:00:00+00:00,2026,Nashville Predators,0,0,1.0,4.0,-1.5,6.5,-180.0
401803609,2026-04-10 02:00:00+00:00,2026,Anaheim Ducks,1,1,6.0,1.0,-1.5,6.5,-175.0
401803609,2026-04-10 02:00:00+00:00,2026,San Jose Sharks,0,0,1.0,6.0,-1.5,6.5,-175.0
401803610,2026-04-10 02:00:00+00:00,2026,Seattle Kraken,1,1,4.0,3.0,1.5,6.5,-192.0
401803610,2026-04-10 02:00:00+00:00,2026,Vegas Golden Knights,0,0,3.0,4.0,1.5,6.5,-192.0
401803611,2026-04-10 02:30:00+00:00,2026,Los Angeles Kings,1,1,4.0,1.0,-1.5,6.5,-290.0
401803611,2026-04-10 02:30:00+00:00,2026,Vancouver Canucks,0,0,1.0,4.0,-1.5,6.5,-290.0
401803612,2026-04-11 16:30:00+00:00,2026,Boston Bruins,1,0,1.0,2.0,1.5,6.5,-115.0
401803612,2026-04-11 16:30:00+00:00,2026,Tampa Bay Lightning,0,1,2.0,1.0,1.5,6.5,-115.0
401803613,2026-04-11 17:00:00+00:00,2026,New York Islanders,1,0,0.0,3.0,1.5,6.5,-130.0
401803613,2026-04-11 17:00:00+00:00,2026,Ottawa Senators,0,1,3.0,0.0,1.5,6.5,-130.0
401803614,2026-04-11 19:00:00+00:00,2026,Pittsburgh Penguins,1,0,3.0,6.0,1.5,6.5,-155.0
401803614,2026-04-11 19:00:00+00:00,2026,Washington Capitals,0,1,6.0,3.0,1.5,6.5,-155.0
401803615,2026-04-11 20:00:00+00:00,2026,Los Angeles Kings,1,1,1.0,0.0,-1.5,6.5,-118.0
401803615,2026-04-11 20:00:00+00:00,2026,Edmonton Oilers,0,0,0.0,1.0,-1.5,6.5,-118.0
401803616,2026-04-11 21:00:00+00:00,2026,Detroit Red Wings,1,0,3.0,5.0,-1.5,6.5,-135.0
401803616,2026-04-11 21:00:00+00:00,2026,New Jersey Devils,0,1,5.0,3.0,-1.5,6.5,-135.0
401803617,2026-04-11 21:00:00+00:00,2026,Chicago Blackhawks,1,0,3.0,5.0,1.5,5.5,-148.0
401803617,2026-04-11 21:00:00+00:00,2026,St. Louis Blues,0,1,5.0,3.0,1.5,5.5,-148.0
401803618,2026-04-11 21:00:00+00:00,2026,Nashville Predators,1,1,2.0,1.0,1.5,6.5,-110.0
401803618,2026-04-11 21:00:00+00:00,2026,Minnesota Wild,0,0,1.0,2.0,1.5,6.5,-110.0
401803619,2026-04-11 21:00:00+00:00,2026,Dallas Stars,1,1,2.0,0.0,-1.5,5.5,-180.0
401803619,2026-04-11 21:00:00+00:00,2026,New York Rangers,0,0,0.0,2.0,-1.5,5.5,-180.0
401803620,2026-04-11 21:00:00+00:00,2026,Utah Mammoth,1,0,1.0,4.0,-1.5,6.5,-125.0
401803620,2026-04-11 21:00:00+00:00,2026,Carolina Hurricanes,0,1,4.0,1.0,-1.5,6.5,-125.0
401803621,2026-04-11 23:00:00+00:00,2026,Toronto Maple Leafs,1,0,2.0,6.0,-1.5,6.5,-162.0
401803621,2026-04-11 23:00:00+00:00,2026,Florida Panthers,0,1,6.0,2.0,-1.5,6.5,-162.0
401803622,2026-04-11 23:00:00+00:00,2026,Montreal Canadiens,1,0,2.0,5.0,-1.5,6.5,-130.0
401803622,2026-04-11 23:00:00+00:00,2026,Columbus Blue Jackets,0,1,5.0,2.0,-1.5,6.5,-130.0
401803623,2026-04-11 23:00:00+00:00,2026,Winnipeg Jets,1,0,1.0,7.0,-1.5,5.5,-125.0
401803623,2026-04-11 23:00:00+00:00,2026,Philadelphia Flyers,0,1,7.0,1.0,-1.5,5.5,-125.0
401803624,2026-04-11 23:00:00+00:00,2026,Seattle Kraken,1,1,4.0,1.0,-1.5,6.5,-130.0
401803624,2026-04-11 23:00:00+00:00,2026,Calgary Flames,0,0,1.0,4.0,-1.5,6.5,-130.0
401803625,2026-04-12 00:00:00+00:00,2026,Colorado Avalanche,1,0,2.0,3.0,-1.5,6.5,-130.0
401803625,2026-04-12 00:00:00+00:00,2026,Vegas Golden Knights,0,1,3.0,2.0,-1.5,6.5,-130.0
401803626,2026-04-12 02:00:00+00:00,2026,San Jose Sharks,1,0,3.0,4.0,-1.5,6.5,-192.0
401803626,2026-04-12 02:00:00+00:00,2026,Vancouver Canucks,0,1,4.0,3.0,-1.5,6.5,-192.0
401803627,2026-04-12 19:00:00+00:00,2026,Washington Capitals,1,1,3.0,0.0,-1.5,6.5,-148.0
401803627,2026-04-12 19:00:00+00:00,2026,Pittsburgh Penguins,0,0,0.0,3.0,-1.5,6.5,-148.0
401803628,2026-04-12 22:00:00+00:00,2026,New York Islanders,1,0,1.0,4.0,-1.5,6.5,-125.0
401803628,2026-04-12 22:00:00+00:00,2026,Montreal Canadiens,0,1,4.0,1.0,-1.5,6.5,-125.0
401803629,2026-04-12 22:00:00+00:00,2026,Columbus Blue Jackets,1,0,2.0,3.0,-1.5,6.5,-205.0
401803629,2026-04-12 22:00:00+00:00,2026,Boston Bruins,0,1,3.0,2.0,-1.5,6.5,-205.0
401803630,2026-04-12 23:00:00+00:00,2026,New Jersey Devils,1,1,4.0,3.0,-1.5,6.5,-125.0
401803630,2026-04-12 23:00:00+00:00,2026,Ottawa Senators,0,0,3.0,4.0,-1.5,6.5,-125.0
401803631,2026-04-13 00:00:00+00:00,2026,Anaheim Ducks,1,0,3.0,4.0,-1.5,7.5,-325.0
401803631,2026-04-13 00:00:00+00:00,2026,Vancouver Canucks,0,1,4.0,3.0,-1.5,7.5,-325.0
401803632,2026-04-13 01:00:00+00:00,2026,Calgary Flames,1,1,4.0,1.0,1.5,6.5,-162.0
401803632,2026-04-13 01:00:00+00:00,2026,Utah Mammoth,0,0,1.0,4.0,1.5,6.5,-162.0
401803633,2026-04-13 23:00:00+00:00,2026,Tampa Bay Lightning,1,1,4.0,3.0,-1.5,6.5,-198.0
401803633,2026-04-13 23:00:00+00:00,2026,Detroit Red Wings,0,0,3.0,4.0,-1.5,6.5,-198.0
401803634,2026-04-13 23:00:00+00:00,2026,Florida Panthers,1,1,3.0,2.0,1.5,6.5,-155.0
401803634,2026-04-13 23:00:00+00:00,2026,New York Rangers,0,0,2.0,3.0,1.5,6.5,-155.0
401803635,2026-04-13 23:00:00+00:00,2026,Philadelphia Flyers,1,1,3.0,2.0,-1.5,5.5,-162.0
401803635,2026-04-13 23:00:00+00:00,2026,Carolina Hurricanes,0,0,2.0,3.0,-1.5,5.5,-162.0
401803636,2026-04-13 23:30:00+00:00,2026,Toronto Maple Leafs,1,0,5.0,6.0,1.5,6.5,-192.0
401803636,2026-04-13 23:30:00+00:00,2026,Dallas Stars,0,1,6.0,5.0,1.5,6.5,-192.0
401803637,2026-04-14 00:00:00+00:00,2026,St. Louis Blues,1,1,6.0,3.0,-1.5,5.5,-185.0
401803637,2026-04-14 00:00:00+00:00,2026,Minnesota Wild,0,0,3.0,6.0,-1.5,5.5,-185.0
401803638,2026-04-14 00:00:00+00:00,2026,Nashville Predators,1,0,2.0,3.0,-1.5,6.5,-155.0
401803638,2026-04-14 00:00:00+00:00,2026,San Jose Sharks,0,1,3.0,2.0,-1.5,6.5,-155.0
401803639,2026-04-14 00:30:00+00:00,2026,Chicago Blackhawks,1,0,1.0,5.0,1.5,6.5,-198.0
401803639,2026-04-14 00:30:00+00:00,2026,Buffalo Sabres,0,1,5.0,1.0,1.5,6.5,-198.0
401803640,2026-04-14 01:30:00+00:00,2026,Edmonton Oilers,1,0,1.0,2.0,1.5,6.5,-125.0
401803640,2026-04-14 01:30:00+00:00,2026,Colorado Avalanche,0,1,2.0,1.0,1.5,6.5,-125.0
401803642,2026-04-14 01:30:00+00:00,2026,Seattle Kraken,1,0,3.0,5.0,1.5,5.5,-175.0
401803642,2026-04-14 01:30:00+00:00,2026,Los Angeles Kings,0,1,5.0,3.0,1.5,5.5,-175.0
401803641,2026-04-14 02:00:00+00:00,2026,Vegas Golden Knights,1,1,6.0,2.0,-1.5,5.5,-185.0
401803641,2026-04-14 02:00:00+00:00,2026,Winnipeg Jets,0,0,2.0,6.0,-1.5,5.5,-185.0
401803643,2026-04-14 23:00:00+00:00,2026,Boston Bruins,1,1,4.0,0.0,-1.5,6.5,-155.0
401803643,2026-04-14 23:00:00+00:00,2026,New Jersey Devils,0,0,0.0,4.0,-1.5,6.5,-155.0
401803644,2026-04-14 23:00:00+00:00,2026,New York Islanders,1,0,1.0,2.0,-1.5,6.5,-185.0
401803644,2026-04-14 23:00:00+00:00,2026,Carolina Hurricanes,0,1,2.0,1.0,-1.5,6.5,-185.0
401803645,2026-04-14 23:00:00+00:00,2026,Philadelphia Flyers,1,1,4.0,2.0,1.5,6.5,-305.0
401803645,2026-04-14 23:00:00+00:00,2026,Montreal Canadiens,0,0,2.0,4.0,1.5,6.5,-305.0
401803646,2026-04-14 23:00:00+00:00,2026,Columbus Blue Jackets,1,0,1.0,2.0,-1.5,6.5,-155.0
401803646,2026-04-14 23:00:00+00:00,2026,Washington Capitals,0,1,2.0,1.0,-1.5,6.5,-155.0
401803647,2026-04-15 00:00:00+00:00,2026,Minnesota Wild,1,1,3.0,2.0,1.5,6.5,-175.0
401803647,2026-04-15 00:00:00+00:00,2026,Anaheim Ducks,0,0,2.0,3.0,1.5,6.5,-175.0
401803648,2026-04-15 01:00:00+00:00,2026,Utah Mammoth,1,1,5.0,3.0,-1.5,6.5,-218.0
401803648,2026-04-15 01:00:00+00:00,2026,Winnipeg Jets,0,0,3.0,5.0,-1.5,6.5,-218.0
401803649,2026-04-15 01:00:00+00:00,2026,Calgary Flames,1,0,1.0,3.0,1.5,6.5,-155.0
401803649,2026-04-15 01:00:00+00:00,2026,Colorado Avalanche,0,1,3.0,1.0,1.5,6.5,-155.0
401803650,2026-04-15 01:30:00+00:00,2026,St. Louis Blues,1,1,7.0,5.0,-1.5,6.5,-218.0
401803650,2026-04-15 01:30:00+00:00,2026,Pittsburgh Penguins,0,0,5.0,7.0,-1.5,6.5,-218.0
401803651,2026-04-15 02:00:00+00:00,2026,Vancouver Canucks,1,1,4.0,3.0,1.5,6.5,-162.0
401803651,2026-04-15 02:00:00+00:00,2026,Los Angeles Kings,0,0,3.0,4.0,1.5,6.5,-162.0
401803652,2026-04-15 23:00:00+00:00,2026,Buffalo Sabres,1,0,3.0,4.0,1.5,6.5,-148.0
401803652,2026-04-15 23:00:00+00:00,2026,Dallas Stars,0,1,4.0,3.0,1.5,6.5,-148.0
401803653,2026-04-15 23:00:00+00:00,2026,Tampa Bay Lightning,1,0,2.0,4.0,-1.5,6.5,-142.0
401803653,2026-04-15 23:00:00+00:00,2026,New York Rangers,0,1,4.0,2.0,-1.5,6.5,-142.0
401803654,2026-04-15 23:00:00+00:00,2026,Florida Panthers,1,1,8.0,1.0,1.5,6.5,-175.0
401803654,2026-04-15 23:00:00+00:00,2026,Detroit Red Wings,0,0,1.0,8.0,1.5,6.5,-175.0
401803655,2026-04-15 23:30:00+00:00,2026,Ottawa Senators,1,1,3.0,1.0,-1.5,6.5,-198.0
401803655,2026-04-15 23:30:00+00:00,2026,Toronto Maple Leafs,0,0,1.0,3.0,-1.5,6.5,-198.0
401803656,2026-04-16 00:30:00+00:00,2026,Chicago Blackhawks,1,1,5.0,2.0,1.5,6.5,-125.0
401803656,2026-04-16 00:30:00+00:00,2026,San Jose Sharks,0,0,2.0,5.0,1.5,6.5,-125.0
401803657,2026-04-16 02:00:00+00:00,2026,Vegas Golden Knights,1,1,4.0,1.0,-1.5,6.5,-325.0
401803657,2026-04-16 02:00:00+00:00,2026,Seattle Kraken,0,0,1.0,4.0,-1.5,6.5,-325.0
401803660,2026-04-16 23:30:00+00:00,2026,Utah Mammoth,1,0,3.0,5.0,-1.5,6.5,-122.0
401803660,2026-04-16 23:30:00+00:00,2026,St. Louis Blues,0,1,5.0,3.0,-1.5,6.5,-122.0
401803658,2026-04-17 00:00:00+00:00,2026,Nashville Predators,1,0,4.0,5.0,1.5,6.5,-125.0
401803658,2026-04-17 00:00:00+00:00,2026,Anaheim Ducks,0,1,5.0,4.0,1.5,6.5,-125.0
401803659,2026-04-17 00:00:00+00:00,2026,Winnipeg Jets,1,0,1.0,6.0,-1.5,6.5,-162.0
401803659,2026-04-17 00:00:00+00:00,2026,San Jose Sharks,0,1,6.0,1.0,-1.5,6.5,-162.0
401803661,2026-04-17 01:00:00+00:00,2026,Calgary Flames,1,1,3.0,1.0,1.5,6.5,-175.0
401803661,2026-04-17 01:00:00+00:00,2026,Los Angeles Kings,0,0,1.0,3.0,1.5,6.5,-175.0
401803662,2026-04-17 01:00:00+00:00,2026,Edmonton Oilers,1,1,6.0,1.0,-1.5,6.5,-355.0
401803662,2026-04-17 01:00:00+00:00,2026,Vancouver Canucks,0,0,1.0,6.0,-1.5,6.5,-355.0
401803663,2026-04-17 02:00:00+00:00,2026,Colorado Avalanche,1,1,2.0,0.0,-1.5,6.5,-218.0
401803663,2026-04-17 02:00:00+00:00,2026,Seattle Kraken,0,0,0.0,2.0,-1.5,6.5,-218.0
401869715,2026-04-18 19:00:00+00:00,2026,Carolina Hurricanes,1,1,2.0,0.0,-1.5,6.5,-148.0
401869715,2026-04-18 19:00:00+00:00,2026,Ottawa Senators,0,0,0.0,2.0,-1.5,6.5,-148.0
401869716,2026-04-18 21:30:00+00:00,2026,Dallas Stars,1,0,1.0,6.0,-1.5,5.5,-125.0
401869716,2026-04-18 21:30:00+00:00,2026,Minnesota Wild,0,1,6.0,1.0,-1.5,5.5,-125.0
401869717,2026-04-19 00:00:00+00:00,2026,Pittsburgh Penguins,1,0,2.0,3.0,-1.5,6.5,-142.0
401869717,2026-04-19 00:00:00+00:00,2026,Philadelphia Flyers,0,1,3.0,2.0,-1.5,6.5,-142.0
401869721,2026-04-19 19:00:00+00:00,2026,Colorado Avalanche,1,1,2.0,1.0,-1.5,5.5,-290.0
401869721,2026-04-19 19:00:00+00:00,2026,Los Angeles Kings,0,0,1.0,2.0,-1.5,5.5,-290.0
401869718,2026-04-19 21:45:00+00:00,2026,Tampa Bay Lightning,1,0,3.0,4.0,-1.5,6.5,-180.0
401869718,2026-04-19 21:45:00+00:00,2026,Montreal Canadiens,0,1,4.0,3.0,-1.5,6.5,-180.0
401869719,2026-04-19 23:30:00+00:00,2026,Buffalo Sabres,1,1,4.0,3.0,-1.5,6.5,-166.0
401869719,2026-04-19 23:30:00+00:00,2026,Boston Bruins,0,0,3.0,4.0,-1.5,6.5,-166.0
401869720,2026-04-20 02:22:00+00:00,2026,Vegas Golden Knights,1,1,4.0,2.0,-1.5,5.5,-162.0
401869720,2026-04-20 02:22:00+00:00,2026,Utah Mammoth,0,0,2.0,4.0,-1.5,5.5,-162.0
401869794,2026-04-20 23:00:00+00:00,2026,Pittsburgh Penguins,1,0,0.0,3.0,-1.5,6.5,-155.0
401869794,2026-04-20 23:00:00+00:00,2026,Philadelphia Flyers,0,1,3.0,0.0,-1.5,6.5,-155.0
401869781,2026-04-20 23:30:00+00:00,2026,Carolina Hurricanes,1,1,3.0,2.0,-1.5,5.5,-148.0
401869781,2026-04-20 23:30:00+00:00,2026,Ottawa Senators,0,0,2.0,3.0,-1.5,5.5,-148.0
401869780,2026-04-21 01:50:00+00:00,2026,Dallas Stars,1,1,4.0,2.0,-1.5,5.5,-142.0
401869780,2026-04-21 01:50:00+00:00,2026,Minnesota Wild,0,0,2.0,4.0,-1.5,5.5,-142.0
401869722,2026-04-21 02:22:00+00:00,2026,Edmonton Oilers,1,1,4.0,3.0,-1.5,6.5,-192.0
401869722,2026-04-21 02:22:00+00:00,2026,Anaheim Ducks,0,0,3.0,4.0,-1.5,6.5,-192.0
401869769,2026-04-21 23:00:00+00:00,2026,Tampa Bay Lightning,1,1,3.0,2.0,-1.5,5.5,-185.0
401869769,2026-04-21 23:00:00+00:00,2026,Montreal Canadiens,0,0,2.0,3.0,-1.5,5.5,-185.0
401869757,2026-04-21 23:30:00+00:00,2026,Buffalo Sabres,1,0,2.0,4.0,-1.5,6.5,-166.0
401869757,2026-04-21 23:30:00+00:00,2026,Boston Bruins,0,1,4.0,2.0,-1.5,6.5,-166.0
401869756,2026-04-22 01:52:00+00:00,2026,Vegas Golden Knights,1,0,2.0,3.0,-1.5,6.5,-148.0
401869756,2026-04-22 01:52:00+00:00,2026,Utah Mammoth,0,1,3.0,2.0,-1.5,6.5,-148.0
401869792,2026-04-22 02:22:00+00:00,2026,Colorado Avalanche,1,1,2.0,1.0,-1.5,5.5,-270.0
401869792,2026-04-22 02:22:00+00:00,2026,Los Angeles Kings,0,0,1.0,2.0,-1.5,5.5,-270.0
401869796,2026-04-22 23:00:00+00:00,2026,Philadelphia Flyers,1,1,5.0,2.0,-1.5,5.5,-115.0
401869796,2026-04-22 23:00:00+00:00,2026,Pittsburgh Penguins,0,0,2.0,5.0,-1.5,5.5,-115.0
401869782,2026-04-23 01:30:00+00:00,2026,Minnesota Wild,1,0,3.0,4.0,-1.5,5.5,-135.0
401869782,2026-04-23 01:30:00+00:00,2026,Dallas Stars,0,1,4.0,3.0,-1.5,5.5,-135.0
401869768,2026-04-23 02:00:00+00:00,2026,Edmonton Oilers,1,0,4.0,6.0,-1.5,6.5,-198.0
401869768,2026-04-23 02:00:00+00:00,2026,Anaheim Ducks,0,1,6.0,4.0,-1.5,6.5,-198.0
401869759,2026-04-23 23:00:00+00:00,2026,Boston Bruins,1,0,1.0,3.0,-1.5,6.5,-115.0
401869759,2026-04-23 23:00:00+00:00,2026,Buffalo Sabres,0,1,3.0,1.0,-1.5,6.5,-115.0
401869783,2026-04-23 23:30:00+00:00,2026,Ottawa Senators,1,0,1.0,2.0,-1.5,5.5,-122.0
401869783,2026-04-23 23:30:00+00:00,2026,Carolina Hurricanes,0,1,2.0,1.0,-1.5,5.5,-122.0
401869793,2026-04-24 02:00:00+00:00,2026,Los Angeles Kings,1,0,2.0,4.0,1.5,5.5,-162.0
401869793,2026-04-24 02:00:00+00:00,2026,Colorado Avalanche,0,1,4.0,2.0,1.5,5.5,-162.0
401869771,2026-04-24 23:00:00+00:00,2026,Montreal Canadiens,1,1,3.0,2.0,1.5,6.5,-118.0
401869771,2026-04-24 23:00:00+00:00,2026,Tampa Bay Lightning,0,0,2.0,3.0,1.5,6.5,-118.0
401869758,2026-04-25 01:30:00+00:00,2026,Utah Mammoth,1,1,4.0,2.0,1.5,5.5,-112.0
401869758,2026-04-25 01:30:00+00:00,2026,Vegas Golden Knights,0,0,2.0,4.0,1.5,5.5,-112.0
401869770,2026-04-25 02:00:00+00:00,2026,Anaheim Ducks,1,1,7.0,4.0,1.5,7.5,-142.0
401869770,2026-04-25 02:00:00+00:00,2026,Edmonton Oilers,0,0,4.0,7.0,1.5,7.5,-142.0
401869786,2026-04-25 19:00:00+00:00,2026,Ottawa Senators,1,0,2.0,4.0,1.5,5.5,-142.0
401869786,2026-04-25 19:00:00+00:00,2026,Carolina Hurricanes,0,1,4.0,2.0,1.5,5.5,-142.0
401869784,2026-04-25 21:30:00+00:00,2026,Minnesota Wild,1,1,3.0,2.0,-1.5,5.5,-130.0
401869784,2026-04-25 21:30:00+00:00,2026,Dallas Stars,0,0,2.0,3.0,-1.5,5.5,-130.0
401869799,2026-04-26 00:00:00+00:00,2026,Philadelphia Flyers,1,0,2.0,4.0,-1.5,5.5,-125.0
401869799,2026-04-26 00:00:00+00:00,2026,Pittsburgh Penguins,0,1,4.0,2.0,-1.5,5.5,-125.0
401869762,2026-04-26 18:00:00+00:00,2026,Boston Bruins,1,0,1.0,6.0,-1.5,5.5,-122.0
401869762,2026-04-26 18:00:00+00:00,2026,Buffalo Sabres,0,1,6.0,1.0,-1.5,5.5,-122.0
401869795,2026-04-26 20:30:00+00:00,2026,Los Angeles Kings,1,0,1.0,5.0,1.5,5.5,-180.0
401869795,2026-04-26 20:30:00+00:00,2026,Colorado Avalanche,0,1,5.0,1.0,1.5,5.5,-180.0
401869773,2026-04-26 23:00:00+00:00,2026,Montreal Canadiens,1,0,2.0,3.0,1.5,5.5,-118.0
401869773,2026-04-26 23:00:00+00:00,2026,Tampa Bay Lightning,0,1,3.0,2.0,1.5,5.5,-118.0
401869772,2026-04-27 01:52:00+00:00,2026,Anaheim Ducks,1,1,4.0,3.0,1.5,7.5,-135.0
401869772,2026-04-27 01:52:00+00:00,2026,Edmonton Oilers,0,0,3.0,4.0,1.5,7.5,-135.0
401869801,2026-04-27 23:00:00+00:00,2026,Pittsburgh Penguins,1,1,3.0,2.0,-1.5,5.5,-125.0
401869801,2026-04-27 23:00:00+00:00,2026,Philadelphia Flyers,0,0,2.0,3.0,-1.5,5.5,-125.0
401869760,2026-04-28 01:50:00+00:00,2026,Utah Mammoth,1,0,4.0,5.0,1.5,5.5,-135.0
401869760,2026-04-28 01:50:00+00:00,2026,Vegas Golden Knights,0,1,5.0,4.0,1.5,5.5,-135.0
401869764,2026-04-28 23:30:00+00:00,2026,Buffalo Sabres,1,0,1.0,2.0,-1.5,5.5,-175.0
401869764,2026-04-28 23:30:00+00:00,2026,Boston Bruins,0,1,2.0,1.0,-1.5,5.5,-175.0
401869785,2026-04-29 00:00:00+00:00,2026,Dallas Stars,1,0,2.0,4.0,-1.5,5.5,-125.0
401869785,2026-04-29 00:00:00+00:00,2026,Minnesota Wild,0,1,4.0,2.0,-1.5,5.5,-125.0
401869774,2026-04-29 02:00:00+00:00,2026,Edmonton Oilers,1,1,4.0,1.0,-1.5,7.5,-155.0
401869774,2026-04-29 02:00:00+00:00,2026,Anaheim Ducks,0,0,1.0,4.0,-1.5,7.5,-155.0
401869775,2026-04-29 23:00:00+00:00,2026,Tampa Bay Lightning,1,0,2.0,3.0,-1.5,5.5,-155.0
401869775,2026-04-29 23:00:00+00:00,2026,Montreal Canadiens,0,1,3.0,2.0,-1.5,5.5,-155.0
401869802,2026-04-29 23:30:00+00:00,2026,Philadelphia Flyers,1,1,1.0,0.0,-1.5,5.5,-118.0
401869802,2026-04-29 23:30:00+00:00,2026,Pittsburgh Penguins,0,0,0.0,1.0,-1.5,5.5,-118.0
401869761,2026-04-30 02:00:00+00:00,2026,Vegas Golden Knights,1,1,5.0,4.0,-1.5,5.5,-162.0
401869761,2026-04-30 02:00:00+00:00,2026,Utah Mammoth,0,0,4.0,5.0,-1.5,5.5,-162.0
401869787,2026-04-30 23:30:00+00:00,2026,Minnesota Wild,1,1,5.0,2.0,-1.5,5.5,-125.0
401869787,2026-04-30 23:30:00+00:00,2026,Dallas Stars,0,0,2.0,5.0,-1.5,5.5,-125.0
401869776,2026-05-01 02:00:00+00:00,2026,Anaheim Ducks,1,1,5.0,2.0,1.5,6.5,-125.0
401869776,2026-05-01 02:00:00+00:00,2026,Edmonton Oilers,0,0,2.0,5.0,1.5,6.5,-125.0
401869777,2026-05-01 23:00:00+00:00,2026,Montreal Canadiens,1,0,0.0,1.0,1.5,5.5,-120.0
401869777,2026-05-01 23:00:00+00:00,2026,Tampa Bay Lightning,0,1,1.0,0.0,1.5,5.5,-120.0
401869765,2026-05-01 23:30:00+00:00,2026,Boston Bruins,1,0,1.0,4.0,1.5,5.5,-130.0
401869765,2026-05-01 23:30:00+00:00,2026,Buffalo Sabres,0,1,4.0,1.0,1.5,5.5,-130.0
401869763,2026-05-02 02:20:00+00:00,2026,Utah Mammoth,1,0,1.0,5.0,1.5,6.5,-120.0
401869763,2026-05-02 02:20:00+00:00,2026,Vegas Golden Knights,0,1,5.0,1.0,1.5,6.5,-120.0
401871166,2026-05-03 00:00:00+00:00,2026,Carolina Hurricanes,1,1,3.0,0.0,-1.5,5.5,-250.0
401871166,2026-05-03 00:00:00+00:00,2026,Philadelphia Flyers,0,0,0.0,3.0,-1.5,5.5,-250.0
401869779,2026-05-03 22:00:00+00:00,2026,Tampa Bay Lightning,1,0,1.0,2.0,-1.5,5.5,-162.0
401869779,2026-05-03 22:00:00+00:00,2026,Montreal Canadiens,0,1,2.0,1.0,-1.5,5.5,-162.0
401871302,2026-05-04 01:00:00+00:00,2026,Colorado Avalanche,1,1,9.0,6.0,-1.5,6.5,-205.0
401871302,2026-05-04 01:00:00+00:00,2026,Minnesota Wild,0,0,6.0,9.0,-1.5,6.5,-205.0
401871411,2026-05-04 23:00:00+00:00,2026,Carolina Hurricanes,1,1,3.0,2.0,-1.5,5.5,-270.0
401871411,2026-05-04 23:00:00+00:00,2026,Philadelphia Flyers,0,0,2.0,3.0,-1.5,5.5,-270.0
401871423,2026-05-05 01:50:00+00:00,2026,Vegas Golden Knights,1,1,3.0,1.0,-1.5,6.5,-175.0
401871423,2026-05-05 01:50:00+00:00,2026,Anaheim Ducks,0,0,1.0,3.0,-1.5,6.5,-175.0
401871417,2026-05-06 00:00:00+00:00,2026,Colorado Avalanche,1,1,5.0,2.0,-1.5,6.5,-205.0
401871417,2026-05-06 00:00:00+00:00,2026,Minnesota Wild,0,0,2.0,5.0,-1.5,6.5,-205.0
401871404,2026-05-06 23:00:00+00:00,2026,Buffalo Sabres,1,1,4.0,2.0,-1.5,5.5,-142.0
401871404,2026-05-06 23:00:00+00:00,2026,Montreal Canadiens,0,0,2.0,4.0,-1.5,5.5,-142.0
401871424,2026-05-07 01:30:00+00:00,2026,Vegas Golden Knights,1,0,1.0,3.0,-1.5,6.5,-155.0
401871424,2026-05-07 01:30:00+00:00,2026,Anaheim Ducks,0,1,3.0,1.0,-1.5,6.5,-155.0
401871412,2026-05-08 00:00:00+00:00,2026,Philadelphia Flyers,1,0,1.0,4.0,1.5,5.5,-166.0
401871412,2026-05-08 00:00:00+00:00,2026,Carolina Hurricanes,0,1,4.0,1.0,1.5,5.5,-166.0
401871405,2026-05-08 23:00:00+00:00,2026,Buffalo Sabres,1,0,1.0,5.0,-1.5,5.5,-162.0
401871405,2026-05-08 23:00:00+00:00,2026,Montreal Canadiens,0,1,5.0,1.0,-1.5,5.5,-162.0
401871425,2026-05-09 01:30:00+00:00,2026,Anaheim Ducks,1,0,2.0,6.0,1.5,6.5,-118.0
401871425,2026-05-09 01:30:00+00:00,2026,Vegas Golden Knights,0,1,6.0,2.0,1.5,6.5,-118.0
401871413,2026-05-09 22:00:00+00:00,2026,Philadelphia Flyers,1,0,2.0,3.0,1.5,5.5,-198.0
401871413,2026-05-09 22:00:00+00:00,2026,Carolina Hurricanes,0,1,3.0,2.0,1.5,5.5,-198.0
401871418,2026-05-10 01:00:00+00:00,2026,Minnesota Wild,1,1,5.0,1.0,1.5,6.5,-130.0
401871418,2026-05-10 01:00:00+00:00,2026,Colorado Avalanche,0,0,1.0,5.0,1.5,6.5,-130.0
401871406,2026-05-10 23:00:00+00:00,2026,Montreal Canadiens,1,1,6.0,2.0,-1.5,5.5,-135.0
401871406,2026-05-10 23:00:00+00:00,2026,Buffalo Sabres,0,0,2.0,6.0,-1.5,5.5,-135.0
401871426,2026-05-11 01:30:00+00:00,2026,Anaheim Ducks,1,1,4.0,3.0,-1.5,6.5,-125.0
401871426,2026-05-11 01:30:00+00:00,2026,Vegas Golden Knights,0,0,3.0,4.0,-1.5,6.5,-125.0
401871419,2026-05-12 00:00:00+00:00,2026,Minnesota Wild,1,0,2.0,5.0,1.5,6.5,-155.0
401871419,2026-05-12 00:00:00+00:00,2026,Colorado Avalanche,0,1,5.0,2.0,1.5,6.5,-155.0
401871407,2026-05-12 23:00:00+00:00,2026,Montreal Canadiens,1,0,2.0,3.0,-1.5,6.5,-148.0
401871407,2026-05-12 23:00:00+00:00,2026,Buffalo Sabres,0,1,3.0,2.0,-1.5,6.5,-148.0
401871427,2026-05-13 01:52:00+00:00,2026,Vegas Golden Knights,1,1,3.0,2.0,-1.5,6.5,-162.0
401871427,2026-05-13 01:52:00+00:00,2026,Anaheim Ducks,0,0,2.0,3.0,-1.5,6.5,-162.0
401871420,2026-05-14 00:00:00+00:00,2026,Colorado Avalanche,1,1,4.0,3.0,-1.5,6.5,-230.0
401871420,2026-05-14 00:00:00+00:00,2026,Minnesota Wild,0,0,3.0,4.0,-1.5,6.5,-230.0
401871408,2026-05-14 23:00:00+00:00,2026,Buffalo Sabres,1,0,3.0,6.0,-1.5,5.5,-118.0
401871408,2026-05-14 23:00:00+00:00,2026,Montreal Canadiens,0,1,6.0,3.0,-1.5,5.5,-118.0
401871428,2026-05-15 01:30:00+00:00,2026,Anaheim Ducks,1,0,1.0,5.0,-1.5,6.5,-130.0
401871428,2026-05-15 01:30:00+00:00,2026,Vegas Golden Knights,0,1,5.0,1.0,-1.5,6.5,-130.0
401871409,2026-05-17 00:00:00+00:00,2026,Montreal Canadiens,1,0,3.0,8.0,-1.5,6.5,-175.0
401871409,2026-05-17 00:00:00+00:00,2026,Buffalo Sabres,0,1,8.0,3.0,-1.5,6.5,-175.0
401871410,2026-05-18 23:30:00+00:00,2026,Buffalo Sabres,1,0,2.0,3.0,-1.5,5.5,-118.0
401871410,2026-05-18 23:30:00+00:00,2026,Montreal Canadiens,0,1,3.0,2.0,-1.5,5.5,-118.0
401872903,2026-05-21 00:00:00+00:00,2026,Colorado Avalanche,1,0,2.0,4.0,-1.5,6.5,-175.0
401872903,2026-05-21 00:00:00+00:00,2026,Vegas Golden Knights,0,1,4.0,2.0,-1.5,6.5,-175.0
401873383,2026-05-22 00:00:00+00:00,2026,Carolina Hurricanes,1,0,2.0,6.0,-1.5,5.5,-218.0
401873383,2026-05-22 00:00:00+00:00,2026,Montreal Canadiens,0,1,6.0,2.0,-1.5,5.5,-218.0
401872904,2026-05-23 00:00:00+00:00,2026,Colorado Avalanche,1,0,1.0,3.0,-1.5,6.5,-192.0
401872904,2026-05-23 00:00:00+00:00,2026,Vegas Golden Knights,0,1,3.0,1.0,-1.5,6.5,-192.0
401873384,2026-05-23 23:00:00+00:00,2026,Carolina Hurricanes,1,1,3.0,2.0,-1.5,6.5,-205.0
401873384,2026-05-23 23:00:00+00:00,2026,Montreal Canadiens,0,0,2.0,3.0,-1.5,6.5,-205.0
401872905,2026-05-25 00:00:00+00:00,2026,Vegas Golden Knights,1,1,5.0,3.0,1.5,6.5,-148.0
401872905,2026-05-25 00:00:00+00:00,2026,Colorado Avalanche,0,0,3.0,5.0,1.5,6.5,-148.0
401873385,2026-05-26 00:00:00+00:00,2026,Montreal Canadiens,1,0,2.0,3.0,1.5,5.5,-155.0
401873385,2026-05-26 00:00:00+00:00,2026,Carolina Hurricanes,0,1,3.0,2.0,1.5,5.5,-155.0
401872906,2026-05-27 01:00:00+00:00,2026,Vegas Golden Knights,1,1,2.0,1.0,-1.5,6.5,-110.0
401872906,2026-05-27 01:00:00+00:00,2026,Colorado Avalanche,0,0,1.0,2.0,-1.5,6.5,-110.0
401873386,2026-05-28 00:00:00+00:00,2026,Montreal Canadiens,1,0,0.0,4.0,1.5,5.5,-148.0
401873386,2026-05-28 00:00:00+00:00,2026,Carolina Hurricanes,0,1,4.0,0.0,1.5,5.5,-148.0
401873387,2026-05-30 00:00:00+00:00,2026,Carolina Hurricanes,1,1,6.0,1.0,-1.5,5.5,-265.0
401873387,2026-05-30 00:00:00+00:00,2026,Montreal Canadiens,0,0,1.0,6.0,-1.5,5.5,-265.0
401874171,2026-06-03 00:00:00+00:00,2026,Carolina Hurricanes,1,0,4.0,5.0,-1.5,5.5,-162.0
401874171,2026-06-03 00:00:00+00:00,2026,Vegas Golden Knights,0,1,5.0,4.0,-1.5,5.5,-162.0
401874172,2026-06-05 00:00:00+00:00,2026,Carolina Hurricanes,1,1,4.0,3.0,-1.5,5.5,-162.0
401874172,2026-06-05 00:00:00+00:00,2026,Vegas Golden Knights,0,0,3.0,4.0,-1.5,5.5,-162.0
401874173,2026-06-07 00:00:00+00:00,2026,Vegas Golden Knights,1,1,5.0,4.0,1.5,5.5,-108.0
401874173,2026-06-07 00:00:00+00:00,2026,Carolina Hurricanes,0,0,4.0,5.0,1.5,5.5,-108.0
401874174,2026-06-10 00:00:00+00:00,2026,Vegas Golden Knights,1,0,3.0,5.0,1.5,5.5,-115.0
401874174,2026-06-10 00:00:00+00:00,2026,Carolina Hurricanes,0,1,5.0,3.0,1.5,5.5,-115.0
401874175,2026-06-12 00:00:00+00:00,2026,Carolina Hurricanes,1,1,4.0,2.0,-1.5,6.5,-155.0
401874175,2026-06-12 00:00:00+00:00,2026,Vegas Golden Knights,0,0,2.0,4.0,-1.5,6.5,-155.0
401874176,2026-06-15 00:00:00+00:00,2026,Vegas Golden Knights,1,0,0.0,3.0,1.5,5.5,-115.0
401874176,2026-06-15 00:00:00+00:00,2026,Carolina Hurricanes,0,1,3.0,0.0,1.5,5.5,-115.0
